"chrom","chromStart","chromEnd","TranscriptID","GeneID","score","strand","thickStart","thickEnd","itemRgb","blockCount","blockSizes","blockStarts","MatureLength","Type","BioType","ConservationType"
"scaffold_1",10075571,10076898,"CrRegRNA_2297.1","CrRegRNA_2297",0,"-",10076898,10076898,0,1,"1327,","0,",1327,"monoexonic","lincRNA","ConservedBySyntenyandSequence"
"scaffold_1",10075572,10076898,"CrRegRNA_2298.1","CrRegRNA_2298",0,"+",10076898,10076898,0,1,"1326,","0,",1326,"monoexonic","lincRNA","ConservedBySyntenyandSequence"
"scaffold_1",10253171,10256314,"CrRegRNA_2330.1","CrRegRNA_2330",0,"+",10256314,10256314,0,2,"255,100,","0,3043,",355,"multiexonic","NAT_lncRNA","NA"
"scaffold_1",11127353,11128016,"CrRegRNA_2490.1","CrRegRNA_2490",0,".",11128016,11128016,0,1,"663,","0,",663,"monoexonic","lincRNA","ConservedBySyntenyandSequence"
"scaffold_1",11150016,11150216,"CrRegRNA_2493.1","CrRegRNA_2493",0,"+",11150216,11150216,0,1,"200,","0,",200,"monoexonic","lincRNA","ConservedBySyntenyandSequence"
"scaffold_1",11380908,11381981,"CrRegRNA_2532.1","CrRegRNA_2532",0,".",11381981,11381981,0,1,"1073,","0,",1073,"monoexonic","lincRNA","ConservedBySyntenyandSequence"
"scaffold_1",11828204,11828609,"CrRegRNA_2615.1","CrRegRNA_2615",0,"+",11828609,11828609,0,1,"405,","0,",405,"monoexonic","lincRNA","ConservedBySyntenyandSequence"
"scaffold_1",12168516,12168979,"CrRegRNA_2664.1","CrRegRNA_2664",0,".",12168979,12168979,0,1,"463,","0,",463,"monoexonic","lincRNA","OnlySynteny"
"scaffold_1",1258794,1260354,"CrRegRNA_297.1","CrRegRNA_297",0,"+",1260354,1260354,0,1,"1560,","0,",1560,"monoexonic","lincRNA","ConservedBySyntenyandSequence"
"scaffold_1",13341978,13342410,"CrRegRNA_2736.1","CrRegRNA_2736",0,"+",13342410,13342410,0,1,"432,","0,",432,"monoexonic","lincRNA","Species-specific"
"scaffold_1",13341978,13342410,"CrRegRNA_2737.1","CrRegRNA_2737",0,"-",13342410,13342410,0,1,"432,","0,",432,"monoexonic","lincRNA","Species-specific"
"scaffold_1",13363652,13364218,"CrRegRNA_2739.1","CrRegRNA_2739",0,"+",13364218,13364218,0,1,"566,","0,",566,"monoexonic","lincRNA","Species-specific"
"scaffold_1",14702297,14702545,"CrRegRNA_2768.1","CrRegRNA_2768",0,"+",14702545,14702545,0,1,"248,","0,",248,"monoexonic","lincRNA","ConservedBySyntenyandSequence"
"scaffold_1",14926166,14926488,"CrRegRNA_2782.1","CrRegRNA_2782",0,"+",14926488,14926488,0,1,"322,","0,",322,"monoexonic","lincRNA","Species-specific"
"scaffold_1",15065466,15066768,"CrRegRNA_2796.1","CrRegRNA_2796",0,"-",15066768,15066768,0,2,"399,792,","0,510,",1191,"multiexonic","lincRNA","ConservedBySyntenyandSequence"
"scaffold_1",153677,153978,"CrRegRNA_42.1","CrRegRNA_42",0,"+",153978,153978,0,1,"301,","0,",301,"monoexonic","lincRNA","ConservedBySyntenyandSequence"
"scaffold_1",15565947,15567360,"CrRegRNA_2840.1","CrRegRNA_2840",0,".",15567360,15567360,0,1,"1413,","0,",1413,"monoexonic","lincRNA","ConservedBySyntenyandSequence"
"scaffold_1",15855692,15856169,"CrRegRNA_2879.1","CrRegRNA_2879",0,".",15856169,15856169,0,1,"477,","0,",477,"monoexonic","lincRNA","Species-specific"
"scaffold_1",15960237,15960684,"CrRegRNA_2889.1","CrRegRNA_2889",0,".",15960684,15960684,0,1,"447,","0,",447,"monoexonic","lincRNA","ConservedBySyntenyandSequence"
"scaffold_1",16031958,16032966,"CrRegRNA_2904.1","CrRegRNA_2904",0,"+",16032966,16032966,0,3,"113,86,392,","0,209,616,",591,"multiexonic","lincRNA","Species-specific"
"scaffold_1",17640166,17641407,"CrRegRNA_3145.2","CrRegRNA_3145",0,"+",17641407,17641407,0,3,"103,96,291,","0,201,950,",490,"multiexonic","lincRNA","ConservedBySyntenyandSequence"
"scaffold_1",17773109,17774005,"CrRegRNA_3160.1","CrRegRNA_3160",0,"-",17774005,17774005,0,1,"896,","0,",896,"monoexonic","lincRNA","ConservedBySyntenyandSequence"
"scaffold_1",17773116,17774005,"CrRegRNA_3161.1","CrRegRNA_3161",0,"+",17774005,17774005,0,1,"889,","0,",889,"monoexonic","lincRNA","ConservedBySyntenyandSequence"
"scaffold_1",18038664,18039540,"CrRegRNA_3213.1","CrRegRNA_3213",0,"+",18039540,18039540,0,2,"187,316,","0,560,",503,"multiexonic","NAT_lncRNA","NA"
"scaffold_1",18555112,18555802,"CrRegRNA_3300.1","CrRegRNA_3300",0,"-",18555802,18555802,0,2,"307,173,","0,517,",480,"multiexonic","lincRNA","ConservedBySyntenyandSequence"
"scaffold_1",18896911,18897542,"CrRegRNA_3372.1","CrRegRNA_3372",0,"+",18897542,18897542,0,1,"631,","0,",631,"monoexonic","NAT_lncRNA","NA"
"scaffold_1",18934000,18934719,"CrRegRNA_3380.1","CrRegRNA_3380",0,".",18934719,18934719,0,1,"719,","0,",719,"monoexonic","lincRNA","ConservedBySyntenyandSequence"
"scaffold_1",19601048,19601629,"CrRegRNA_3518.1","CrRegRNA_3518",0,".",19601629,19601629,0,1,"581,","0,",581,"monoexonic","lincRNA","Species-specific"
"scaffold_1",2053377,2054948,"Carub.0001s0587.1.v1.1","Carub.0001s0587.1.v1",0,"-",2054948,2054948,0,3,"316,73,275,","0,825,1296,",664,"multiexonic","NAT_lncRNA","NA"
"scaffold_1",222459,222702,"CrRegRNA_54.1","CrRegRNA_54",0,"+",222702,222702,0,1,"243,","0,",243,"monoexonic","lincRNA","ConservedBySyntenyandSequence"
"scaffold_1",2248502,2249280,"CrRegRNA_538.1","CrRegRNA_538",0,"-",2249280,2249280,0,1,"778,","0,",778,"monoexonic","lincRNA","ConservedBySyntenyandSequence"
"scaffold_1",2491485,2492440,"CrRegRNA_599.1","CrRegRNA_599",0,"-",2492440,2492440,0,1,"955,","0,",955,"monoexonic","lincRNA","ConservedBySyntenyandSequence"
"scaffold_1",2942435,2943871,"CrRegRNA_695.1","CrRegRNA_695",0,"-",2943871,2943871,0,3,"674,62,115,","0,1105,1321,",851,"multiexonic","lincRNA","ConservedBySyntenyandSequence"
"scaffold_1",3149475,3149801,"CrRegRNA_753.1","CrRegRNA_753",0,"+",3149801,3149801,0,1,"326,","0,",326,"monoexonic","lincRNA","ConservedBySyntenyandSequence"
"scaffold_1",3637308,3638145,"CrRegRNA_863.1","CrRegRNA_863",0,".",3638145,3638145,0,1,"837,","0,",837,"monoexonic","lincRNA","ConservedBySyntenyandSequence"
"scaffold_1",4060315,4061142,"CrRegRNA_962.1","CrRegRNA_962",0,"-",4061142,4061142,0,2,"292,431,","0,396,",723,"multiexonic","lincRNA","ConservedBySyntenyandSequence"
"scaffold_1",4217493,4217963,"CrRegRNA_1004.1","CrRegRNA_1004",0,"-",4217963,4217963,0,2,"236,122,","0,348,",358,"multiexonic","lincRNA","ConservedBySyntenyandSequence"
"scaffold_1",4558379,4558776,"CrRegRNA_1075.1","CrRegRNA_1075",0,".",4558776,4558776,0,1,"397,","0,",397,"monoexonic","lincRNA","ConservedBySyntenyandSequence"
"scaffold_1",5087644,5088128,"CrRegRNA_1210.1","CrRegRNA_1210",0,"-",5088128,5088128,0,1,"484,","0,",484,"monoexonic","lincRNA","ConservedBySyntenyandSequence"
"scaffold_1",5123108,5123853,"CrRegRNA_1219.1","CrRegRNA_1219",0,"+",5123853,5123853,0,1,"745,","0,",745,"monoexonic","lincRNA","ConservedBySyntenyandSequence"
"scaffold_1",5312777,5313137,"CrRegRNA_1269.1","CrRegRNA_1269",0,"-",5313137,5313137,0,1,"360,","0,",360,"monoexonic","lincRNA","ConservedBySyntenyandSequence"
"scaffold_1",5456285,5456722,"CrRegRNA_1301.1","CrRegRNA_1301",0,".",5456722,5456722,0,1,"437,","0,",437,"monoexonic","lincRNA","ConservedBySyntenyandSequence"
"scaffold_1",5694820,5695139,"CrRegRNA_1366.1","CrRegRNA_1366",0,"-",5695139,5695139,0,1,"319,","0,",319,"monoexonic","lincRNA","ConservedBySyntenyandSequence"
"scaffold_1",5754699,5755338,"CrRegRNA_1386.1","CrRegRNA_1386",0,"+",5755338,5755338,0,1,"639,","0,",639,"monoexonic","lincRNA","ConservedBySyntenyandSequence"
"scaffold_1",6506912,6507868,"CrRegRNA_1559.1","CrRegRNA_1559",0,"+",6507868,6507868,0,1,"956,","0,",956,"monoexonic","lincRNA","ConservedBySyntenyandSequence"
"scaffold_1",6728636,6729386,"CrRegRNA_1603.1","CrRegRNA_1603",0,"-",6729386,6729386,0,1,"750,","0,",750,"monoexonic","lincRNA","ConservedBySyntenyandSequence"
"scaffold_1",7150514,7151108,"CrRegRNA_1700.1","CrRegRNA_1700",0,"+",7151108,7151108,0,1,"594,","0,",594,"monoexonic","lincRNA","ConservedBySyntenyandSequence"
"scaffold_1",749,1625,"CrRegRNA_9.1","CrRegRNA_9",0,"+",1625,1625,0,1,"876,","0,",876,"monoexonic","lincRNA","ConservedBySyntenyandSequence"
"scaffold_1",7706611,7708362,"CrRegRNA_1806.2","CrRegRNA_1806",0,"+",7708362,7708362,0,3,"74,63,368,","0,709,1383,",505,"multiexonic","sense_exonic_lncRNA","NA"
"scaffold_1",8086391,8087115,"CrRegRNA_1878.1","CrRegRNA_1878",0,"+",8087115,8087115,0,2,"151,285,","0,439,",436,"multiexonic","lincRNA","ConservedBySyntenyandSequence"
"scaffold_1",8104397,8105156,"CrRegRNA_1885.1","CrRegRNA_1885",0,"+",8105156,8105156,0,1,"759,","0,",759,"monoexonic","lincRNA","Species-specific"
"scaffold_1",8286174,8286730,"CrRegRNA_1925.1","CrRegRNA_1925",0,".",8286730,8286730,0,1,"556,","0,",556,"monoexonic","lincRNA","ConservedBySyntenyandSequence"
"scaffold_1",8360020,8360478,"CrRegRNA_1942.2","CrRegRNA_1942",0,"-",8360478,8360478,0,2,"142,133,","0,325,",275,"multiexonic","lincRNA","ConservedBySyntenyandSequence"
"scaffold_1",8697961,8698476,"CrRegRNA_2001.1","CrRegRNA_2001",0,".",8698476,8698476,0,1,"515,","0,",515,"monoexonic","lincRNA","ConservedBySyntenyandSequence"
"scaffold_1",8878707,8879360,"CrRegRNA_2037.1","CrRegRNA_2037",0,"+",8879360,8879360,0,2,"269,281,","0,372,",550,"multiexonic","lincRNA","Species-specific"
"scaffold_1",8900221,8901497,"CrRegRNA_2044.1","CrRegRNA_2044",0,"+",8901497,8901497,0,3,"812,109,129,","0,901,1147,",1050,"multiexonic","lincRNA","ConservedBySyntenyandSequence"
"scaffold_1",8990866,8991108,"CrRegRNA_2063.1","CrRegRNA_2063",0,"-",8991108,8991108,0,1,"242,","0,",242,"monoexonic","lincRNA","ConservedBySyntenyandSequence"
"scaffold_1",8991415,8992408,"CrRegRNA_2064.1","CrRegRNA_2064",0,"-",8992408,8992408,0,1,"993,","0,",993,"monoexonic","lincRNA","ConservedBySyntenyandSequence"
"scaffold_1",9871075,9877311,"CrRegRNA_2250.1","CrRegRNA_2250",0,"-",9877311,9877311,0,9,"351,63,64,60,94,97,62,80,109,","0,1444,3084,3548,3932,4849,5107,5940,6127,",980,"multiexonic","lincRNA","ConservedBySyntenyandSequence"
"scaffold_1",9934050,9934845,"CrRegRNA_2258.1","CrRegRNA_2258",0,".",9934845,9934845,0,1,"795,","0,",795,"monoexonic","lincRNA","ConservedBySyntenyandSequence"
"scaffold_101",13933,14773,"CrRegRNA_3532.1","CrRegRNA_3532",0,"+",14773,14773,0,3,"71,34,310,","0,165,530,",415,"multiexonic","lincRNA","OnlySynteny"
"scaffold_1110",0,242,"CrRegRNA_3536.1","CrRegRNA_3536",0,".",242,242,0,1,"242,","0,",242,"monoexonic","lincRNA","ConservedBySyntenyandSequence"
"scaffold_117",13646,13873,"CrRegRNA_3544.1","CrRegRNA_3544",0,"-",13873,13873,0,1,"227,","0,",227,"monoexonic","lincRNA","ConservedBySyntenyandSequence"
"scaffold_117",3270,3623,"CrRegRNA_3539.1","CrRegRNA_3539",0,"-",3623,3623,0,2,"68,200,","0,153,",268,"multiexonic","lincRNA","ConservedBySyntenyandSequence"
"scaffold_13",89547,89866,"CrRegRNA_3561.1","CrRegRNA_3561",0,"-",89866,89866,0,1,"319,","0,",319,"monoexonic","lincRNA","Species-specific"
"scaffold_13",99537,99840,"CrRegRNA_3564.1","CrRegRNA_3564",0,"-",99840,99840,0,1,"303,","0,",303,"monoexonic","lincRNA","ConservedBySyntenyandSequence"
"scaffold_135",1727,2204,"CrRegRNA_3574.1","CrRegRNA_3574",0,".",2204,2204,0,1,"477,","0,",477,"monoexonic","lincRNA","ConservedBySyntenyandSequence"
"scaffold_135",3439,3864,"CrRegRNA_3577.1","CrRegRNA_3577",0,".",3864,3864,0,1,"425,","0,",425,"monoexonic","lincRNA","ConservedBySyntenyandSequence"
"scaffold_143",425,1580,"CrRegRNA_3586.1","CrRegRNA_3586",0,"+",1580,1580,0,2,"759,287,","0,868,",1046,"multiexonic","lincRNA","Species-specific"
"scaffold_143",425,1580,"CrRegRNA_3586.2","CrRegRNA_3586",0,"+",1580,1580,0,2,"759,272,","0,883,",1031,"multiexonic","lincRNA","Species-specific"
"scaffold_15",110914,112002,"CrRegRNA_3607.2","CrRegRNA_3607",0,"-",112002,112002,0,4,"262,63,157,154,","0,369,703,934,",636,"multiexonic","lincRNA","ConservedBySyntenyandSequence"
"scaffold_15",66265,67012,"CrRegRNA_3598.1","CrRegRNA_3598",0,"+",67012,67012,0,2,"232,68,","0,679,",300,"multiexonic","lincRNA","ConservedBySyntenyandSequence"
"scaffold_177",4828,5072,"CrRegRNA_3629.1","CrRegRNA_3629",0,"-",5072,5072,0,1,"244,","0,",244,"monoexonic","lincRNA","Species-specific"
"scaffold_18",114269,114571,"CrRegRNA_3633.1","CrRegRNA_3633",0,"-",114571,114571,0,1,"302,","0,",302,"monoexonic","lincRNA","Species-specific"
"scaffold_18",127458,128202,"CrRegRNA_3636.1","CrRegRNA_3636",0,"+",128202,128202,0,1,"744,","0,",744,"monoexonic","lincRNA","Species-specific"
"scaffold_193",9399,10672,"Carub.0193s0002.1.v1.1","Carub.0193s0002.1.v1",0,"+",10672,10672,0,3,"13,207,35,","0,780,1238,",255,"multiexonic","lincRNA","Species-specific"
"scaffold_193",2507,2855,"Carub.0193s0001.1.v1.1","Carub.0193s0001.1.v1",0,"+",2855,2855,0,2,"207,51,","0,297,",258,"multiexonic","lincRNA","Species-specific"
"scaffold_193",7858,8092,"CrRegRNA_3640.1","CrRegRNA_3640",0,"-",8092,8092,0,1,"234,","0,",234,"monoexonic","lincRNA","Species-specific"
"scaffold_2",12970380,12970677,"Carub.0002s2483.1.v1.1","Carub.0002s2483.1.v1",0,"-",12970677,12970677,0,1,"297,","0,",297,"monoexonic","lincRNA","ConservedBySyntenyandSequence"
"scaffold_2",3689856,3690650,"Carub.0002s0797.1.v1.1","Carub.0002s0797.1.v1",0,"+",3690650,3690650,0,3,"66,128,234,","0,223,560,",428,"multiexonic","lincRNA","Species-specific"
"scaffold_2",3737097,3737489,"Carub.0002s0807.1.v1.1","Carub.0002s0807.1.v1",0,"+",3737489,3737489,0,2,"91,170,","0,222,",261,"multiexonic","lincRNA","Species-specific"
"scaffold_2",3739022,3740525,"Carub.0002s0808.1.v1.1","Carub.0002s0808.1.v1",0,"+",3740525,3740525,0,2,"222,24,","0,1479,",246,"multiexonic","lincRNA","OnlySynteny"
"scaffold_2",3741023,3741305,"Carub.0002s0809.1.v1.1","Carub.0002s0809.1.v1",0,"+",3741305,3741305,0,1,"282,","0,",282,"monoexonic","lincRNA","Species-specific"
"scaffold_2",3743004,3743379,"Carub.0002s0810.1.v1.1","Carub.0002s0810.1.v1",0,"+",3743379,3743379,0,2,"9,210,","0,165,",219,"multiexonic","lincRNA","Species-specific"
"scaffold_2",4331077,4332216,"Carub.0002s0880.1.v1.1","Carub.0002s0880.1.v1",0,"+",4332216,4332216,0,2,"16,278,","0,861,",294,"multiexonic","lincRNA","Species-specific"
"scaffold_2",4333700,4334048,"Carub.0002s0881.1.v1.1","Carub.0002s0881.1.v1",0,"+",4334048,4334048,0,2,"120,132,","0,216,",252,"multiexonic","lincRNA","Species-specific"
"scaffold_2",4340701,4341049,"Carub.0002s0883.1.v1.1","Carub.0002s0883.1.v1",0,"+",4341049,4341049,0,2,"207,51,","0,297,",258,"multiexonic","lincRNA","Species-specific"
"scaffold_2",4349163,4349514,"Carub.0002s0886.1.v1.1","Carub.0002s0886.1.v1",0,"+",4349514,4349514,0,2,"137,88,","0,263,",225,"multiexonic","lincRNA","Species-specific"
"scaffold_2",4357493,4357899,"Carub.0002s0888.1.v1.1","Carub.0002s0888.1.v1",0,"+",4357899,4357899,0,2,"139,125,","0,281,",264,"multiexonic","lincRNA","Species-specific"
"scaffold_2",4872204,4872722,"Carub.0002s0929.1.v1.1","Carub.0002s0929.1.v1",0,"-",4872722,4872722,0,2,"14,265,","0,253,",279,"multiexonic","lincRNA","Species-specific"
"scaffold_2",4963358,4963893,"Carub.0002s0941.1.v1.1","Carub.0002s0941.1.v1",0,"-",4963893,4963893,0,2,"224,116,","0,419,",340,"multiexonic","lincRNA","Species-specific"
"scaffold_2",5088214,5089378,"Carub.0002s0946.1.v1.1","Carub.0002s0946.1.v1",0,"-",5089378,5089378,0,3,"220,117,48,","0,399,1116,",385,"multiexonic","lincRNA","ConservedBySyntenyandSequence"
"scaffold_2",7914785,7915554,"Carub.0002s1242.1.v1.1","Carub.0002s1242.1.v1",0,"+",7915554,7915554,0,3,"39,106,140,","0,143,629,",285,"multiexonic","lincRNA","ConservedBySyntenyandSequence"
"scaffold_2",10875456,10875980,"CrRegRNA_4911.1","CrRegRNA_4911",0,".",10875980,10875980,0,1,"524,","0,",524,"monoexonic","lincRNA","ConservedBySyntenyandSequence"
"scaffold_2",10882709,10883668,"CrRegRNA_4914.1","CrRegRNA_4914",0,"-",10883668,10883668,0,1,"959,","0,",959,"monoexonic","lincRNA","ConservedBySyntenyandSequence"
"scaffold_2",10932425,10932782,"CrRegRNA_4927.1","CrRegRNA_4927",0,"-",10932782,10932782,0,1,"357,","0,",357,"monoexonic","lincRNA","ConservedBySyntenyandSequence"
"scaffold_2",11315884,11316454,"Carub.0002s2054.1.v1.1","Carub.0002s2054.1.v1",0,"+",11316454,11316454,0,2,"81,362,","0,208,",443,"multiexonic","lincRNA","ConservedBySyntenyandSequence"
"scaffold_2",11564059,11564882,"CrRegRNA_5077.1","CrRegRNA_5077",0,"-",11564882,11564882,0,1,"823,","0,",823,"monoexonic","lincRNA","ConservedBySyntenyandSequence"
"scaffold_2",11813366,11814606,"CrRegRNA_5138.1","CrRegRNA_5138",0,"+",11814606,11814606,0,1,"1240,","0,",1240,"monoexonic","lincRNA","ConservedBySyntenyandSequence"
"scaffold_2",12539304,12539550,"CrRegRNA_5298.1","CrRegRNA_5298",0,"+",12539550,12539550,0,1,"246,","0,",246,"monoexonic","lincRNA","ConservedBySyntenyandSequence"
"scaffold_2",1254373,1255156,"CrRegRNA_3863.1","CrRegRNA_3863",0,"+",1255156,1255156,0,2,"399,203,","0,580,",602,"multiexonic","lincRNA","ConservedBySyntenyandSequence"
"scaffold_2",13308643,13309650,"CrRegRNA_5451.2","CrRegRNA_5451",0,"-",13309650,13309650,0,4,"132,66,414,57,","0,256,403,950,",669,"multiexonic","lincRNA","ConservedBySyntenyandSequence"
"scaffold_2",13308643,13309650,"CrRegRNA_5451.3","CrRegRNA_5451",0,"-",13309650,13309650,0,5,"132,66,65,175,57,","0,256,403,642,950,",495,"multiexonic","lincRNA","ConservedBySyntenyandSequence"
"scaffold_2",13412717,13413535,"CrRegRNA_5475.1","CrRegRNA_5475",0,"+",13413535,13413535,0,2,"164,269,","0,549,",433,"multiexonic","lincRNA","ConservedBySyntenyandSequence"
"scaffold_2",13591941,13593013,"CrRegRNA_5512.1","CrRegRNA_5512",0,"-",13593013,13593013,0,1,"1072,","0,",1072,"monoexonic","lincRNA","ConservedBySyntenyandSequence"
"scaffold_2",13837335,13838567,"CrRegRNA_5576.1","CrRegRNA_5576",0,"-",13838567,13838567,0,2,"704,146,","0,1086,",850,"multiexonic","lincRNA","ConservedBySyntenyandSequence"
"scaffold_2",1486372,1487583,"CrRegRNA_3905.3","CrRegRNA_3905",0,"-",1487583,1487583,0,3,"121,378,349,","0,224,862,",848,"multiexonic","lincRNA","Species-specific"
"scaffold_2",2287454,2288108,"CrRegRNA_4024.1","CrRegRNA_4024",0,"+",2288108,2288108,0,2,"315,265,","0,389,",580,"multiexonic","lincRNA","Species-specific"
"scaffold_2",2365462,2366010,"CrRegRNA_4034.1","CrRegRNA_4034",0,"+",2366010,2366010,0,2,"138,267,","0,281,",405,"multiexonic","lincRNA","ConservedBySyntenyandSequence"
"scaffold_2",2527864,2529036,"CrRegRNA_4053.1","CrRegRNA_4053",0,"-",2529036,2529036,0,1,"1172,","0,",1172,"monoexonic","lincRNA","ConservedBySyntenyandSequence"
"scaffold_2",2697251,2697740,"CrRegRNA_4073.1","CrRegRNA_4073",0,"+",2697740,2697740,0,1,"489,","0,",489,"monoexonic","lincRNA","Species-specific"
"scaffold_2",3398309,3400792,"CrRegRNA_4150.1","CrRegRNA_4150",0,"+",3400792,3400792,0,1,"2483,","0,",2483,"monoexonic","lincRNA","ConservedBySyntenyandSequence"
"scaffold_2",3499778,3500805,"CrRegRNA_4157.2","CrRegRNA_4157",0,"+",3500805,3500805,0,3,"164,413,239,","0,248,788,",816,"multiexonic","lincRNA","ConservedBySyntenyandSequence"
"scaffold_2",3502681,3503961,"CrRegRNA_4159.2","CrRegRNA_4159",0,"-",3503961,3503961,0,3,"183,159,106,","0,547,1174,",448,"multiexonic","lincRNA","ConservedBySyntenyandSequence"
"scaffold_2",396111,396314,"CrRegRNA_3717.1","CrRegRNA_3717",0,"-",396314,396314,0,1,"203,","0,",203,"monoexonic","lincRNA","ConservedBySyntenyandSequence"
"scaffold_2",4440855,4441988,"CrRegRNA_4210.1","CrRegRNA_4210",0,"+",4441988,4441988,0,1,"1133,","0,",1133,"monoexonic","lincRNA","Species-specific"
"scaffold_2",4663113,4663316,"CrRegRNA_4219.1","CrRegRNA_4219",0,"+",4663316,4663316,0,1,"203,","0,",203,"monoexonic","lincRNA","ConservedBySyntenyandSequence"
"scaffold_2",4914150,4914785,"CrRegRNA_4226.1","CrRegRNA_4226",0,".",4914785,4914785,0,1,"635,","0,",635,"monoexonic","lincRNA","ConservedBySyntenyandSequence"
"scaffold_2",5276817,5278352,"CrRegRNA_4235.2","CrRegRNA_4235",0,"+",5278352,5278352,0,2,"446,536,","0,999,",982,"multiexonic","lincRNA","Species-specific"
"scaffold_2",5276817,5278352,"CrRegRNA_4235.1","CrRegRNA_4235",0,"+",5278352,5278352,0,1,"1535,","0,",1535,"monoexonic","lincRNA","Species-specific"
"scaffold_2",5750684,5752166,"CrRegRNA_4249.1","CrRegRNA_4249",0,"-",5752166,5752166,0,4,"181,43,105,241,","0,263,475,1241,",570,"multiexonic","lincRNA","ConservedBySyntenyandSequence"
"scaffold_2",5876858,5877591,"CrRegRNA_4253.1","CrRegRNA_4253",0,"+",5877591,5877591,0,1,"733,","0,",733,"monoexonic","lincRNA","Species-specific"
"scaffold_2",6017943,6018560,"CrRegRNA_4259.1","CrRegRNA_4259",0,".",6018560,6018560,0,1,"617,","0,",617,"monoexonic","lincRNA","ConservedBySyntenyandSequence"
"scaffold_2",601805,603524,"CrRegRNA_3754.1","CrRegRNA_3754",0,"+",603524,603524,0,2,"171,1058,","0,661,",1229,"multiexonic","lincRNA","ConservedBySyntenyandSequence"
"scaffold_2",6182067,6182585,"CrRegRNA_4267.1","CrRegRNA_4267",0,"-",6182585,6182585,0,1,"518,","0,",518,"monoexonic","lincRNA","ConservedBySyntenyandSequence"
"scaffold_2",6183820,6186051,"CrRegRNA_4268.1","CrRegRNA_4268",0,"-",6186051,6186051,0,3,"247,685,147,","0,1133,2084,",1079,"multiexonic","lincRNA","ConservedBySyntenyandSequence"
"scaffold_2",6433657,6434834,"CrRegRNA_4282.1","CrRegRNA_4282",0,"+",6434834,6434834,0,2,"900,168,","0,1009,",1068,"multiexonic","lincRNA","Species-specific"
"scaffold_2",6467126,6468220,"CrRegRNA_4286.2","CrRegRNA_4286",0,"-",6468220,6468220,0,2,"246,737,","0,357,",983,"multiexonic","lincRNA","ConservedBySyntenyandSequence"
"scaffold_2",6552412,6552725,"CrRegRNA_4288.1","CrRegRNA_4288",0,".",6552725,6552725,0,1,"313,","0,",313,"monoexonic","lincRNA","ConservedBySyntenyandSequence"
"scaffold_2",6925199,6925532,"CrRegRNA_4305.1","CrRegRNA_4305",0,".",6925532,6925532,0,1,"333,","0,",333,"monoexonic","lincRNA","Species-specific"
"scaffold_2",8183743,8185097,"CrRegRNA_4414.1","CrRegRNA_4414",0,"-",8185097,8185097,0,1,"1354,","0,",1354,"monoexonic","lincRNA","ConservedBySyntenyandSequence"
"scaffold_2",8346295,8346765,"CrRegRNA_4442.1","CrRegRNA_4442",0,"+",8346765,8346765,0,2,"129,100,","0,370,",229,"multiexonic","NAT_lncRNA","NA"
"scaffold_2",8837299,8838203,"CrRegRNA_4514.1","CrRegRNA_4514",0,"-",8838203,8838203,0,2,"264,250,","0,654,",514,"multiexonic","lincRNA","ConservedBySyntenyandSequence"
"scaffold_2",89758,90552,"CrRegRNA_3660.2","CrRegRNA_3660",0,"+",90552,90552,0,2,"115,409,","0,385,",524,"multiexonic","lincRNA","ConservedBySyntenyandSequence"
"scaffold_2",958823,959383,"CrRegRNA_3816.1","CrRegRNA_3816",0,"+",959383,959383,0,1,"560,","0,",560,"monoexonic","lincRNA","Species-specific"
"scaffold_2",9608199,9611921,"CrRegRNA_4657.1","CrRegRNA_4657",0,"-",9611921,9611921,0,3,"581,107,480,","0,1266,3242,",1168,"multiexonic","lincRNA","ConservedBySyntenyandSequence"
"scaffold_2",9848314,9849213,"CrRegRNA_4692.1","CrRegRNA_4692",0,"-",9849213,9849213,0,1,"899,","0,",899,"monoexonic","lincRNA","ConservedBySyntenyandSequence"
"scaffold_2",9914015,9914985,"CrRegRNA_4708.1","CrRegRNA_4708",0,"-",9914985,9914985,0,3,"220,313,135,","0,424,835,",668,"multiexonic","lincRNA","ConservedBySyntenyandSequence"
"scaffold_224",2152,3148,"CrRegRNA_5660.2","CrRegRNA_5660",0,"+",3148,3148,0,3,"176,154,251,","0,331,745,",581,"multiexonic","lincRNA","Species-specific"
"scaffold_235",4019,4760,"CrRegRNA_5665.1","CrRegRNA_5665",0,"+",4760,4760,0,1,"741,","0,",741,"monoexonic","lincRNA","Species-specific"
"scaffold_238",4568,4918,"CrRegRNA_5671.1","CrRegRNA_5671",0,"+",4918,4918,0,1,"350,","0,",350,"monoexonic","lincRNA","ConservedBySyntenyandSequence"
"scaffold_25",1489,2098,"Carub.0025s0001.1.v1.1","Carub.0025s0001.1.v1",0,"-",2098,2098,0,2,"85,230,","0,379,",315,"multiexonic","lincRNA","ConservedBySyntenyandSequence"
"scaffold_283",35,2970,"CrRegRNA_5708.1","CrRegRNA_5708",0,"-",2970,2970,0,15,"115,85,85,65,67,56,38,82,57,38,368,49,82,69,140,","0,207,394,561,724,912,1062,1195,1417,1568,1686,2166,2291,2547,2795,",1396,"multiexonic","lincRNA","Species-specific"
"scaffold_283",35,2970,"CrRegRNA_5708.2","CrRegRNA_5708",0,"-",2970,2970,0,15,"115,85,85,65,67,56,38,82,57,38,56,161,49,82,388,","0,207,394,561,724,912,1062,1195,1417,1568,1686,1893,2166,2291,2547,",1424,"multiexonic","lincRNA","Species-specific"
"scaffold_3",10063095,10063573,"CrRegRNA_7903.1","CrRegRNA_7903",0,"-",10063573,10063573,0,1,"478,","0,",478,"monoexonic","lincRNA","Species-specific"
"scaffold_3",101411,103002,"CrRegRNA_5742.1","CrRegRNA_5742",0,"-",103002,103002,0,4,"341,123,60,246,","0,447,723,1345,",770,"multiexonic","lincRNA","OnlySynteny"
"scaffold_3",10172888,10173259,"CrRegRNA_7913.1","CrRegRNA_7913",0,"-",10173259,10173259,0,1,"371,","0,",371,"monoexonic","lincRNA","Species-specific"
"scaffold_3",10228933,10230309,"CrRegRNA_7918.1","CrRegRNA_7918",0,"+",10230309,10230309,0,1,"1376,","0,",1376,"monoexonic","lincRNA","Species-specific"
"scaffold_3",10228933,10230532,"CrRegRNA_7917.1","CrRegRNA_7917",0,"-",10230532,10230532,0,1,"1599,","0,",1599,"monoexonic","lincRNA","Species-specific"
"scaffold_3",10301589,10301882,"CrRegRNA_7926.1","CrRegRNA_7926",0,".",10301882,10301882,0,1,"293,","0,",293,"monoexonic","lincRNA","Species-specific"
"scaffold_3",11528265,11528601,"CrRegRNA_7979.1","CrRegRNA_7979",0,"-",11528601,11528601,0,1,"336,","0,",336,"monoexonic","lincRNA","Species-specific"
"scaffold_3",11821604,11822318,"CrRegRNA_8007.1","CrRegRNA_8007",0,"-",11822318,11822318,0,2,"472,93,","0,621,",565,"multiexonic","lincRNA","ConservedBySyntenyandSequence"
"scaffold_3",11999340,12000501,"CrRegRNA_8019.1","CrRegRNA_8019",0,"+",12000501,12000501,0,3,"225,138,240,","0,695,921,",603,"multiexonic","lincRNA","Species-specific"
"scaffold_3",12037762,12039111,"CrRegRNA_8026.1","CrRegRNA_8026",0,"+",12039111,12039111,0,1,"1349,","0,",1349,"monoexonic","lincRNA","ConservedBySyntenyandSequence"
"scaffold_3",12652735,12654384,"CrRegRNA_8102.2","CrRegRNA_8102",0,"+",12654384,12654384,0,4,"184,60,334,328,","0,521,811,1321,",906,"multiexonic","sense_exonic_lncRNA","NA"
"scaffold_3",12711311,12712866,"CrRegRNA_8110.2","CrRegRNA_8110",0,"-",12712866,12712866,0,4,"52,117,48,92,","0,186,1315,1463,",309,"multiexonic","lincRNA","Species-specific"
"scaffold_3",12727966,12728423,"CrRegRNA_8111.1","CrRegRNA_8111",0,".",12728423,12728423,0,1,"457,","0,",457,"monoexonic","lincRNA","Species-specific"
"scaffold_3",13027710,13028070,"CrRegRNA_8157.1","CrRegRNA_8157",0,"-",13028070,13028070,0,1,"360,","0,",360,"monoexonic","lincRNA","ConservedBySyntenyandSequence"
"scaffold_3",13124184,13133287,"CrRegRNA_8167.1","CrRegRNA_8167",0,"+",13133287,13133287,0,20,"212,83,73,44,103,51,89,73,665,244,89,73,95,51,89,72,1002,138,62,241,","0,588,1164,1401,1593,1890,2048,2229,2532,3318,3670,3848,4005,4204,4450,5067,5384,7318,7547,8862,",3549,"multiexonic","NAT_lncRNA","NA"
"scaffold_3",13172663,13173153,"CrRegRNA_8175.1","CrRegRNA_8175",0,".",13173153,13173153,0,1,"490,","0,",490,"monoexonic","lincRNA","ConservedBySyntenyandSequence"
"scaffold_3",13717617,13719157,"CrRegRNA_8296.1","CrRegRNA_8296",0,"+",13719157,13719157,0,5,"255,57,78,70,628,","0,342,496,749,912,",1088,"multiexonic","lincRNA","ConservedBySyntenyandSequence"
"scaffold_3",14219129,14219929,"CrRegRNA_8374.1","CrRegRNA_8374",0,"-",14219929,14219929,0,1,"800,","0,",800,"monoexonic","lincRNA","ConservedBySyntenyandSequence"
"scaffold_3",14270206,14272040,"CrRegRNA_8382.1","CrRegRNA_8382",0,"-",14272040,14272040,0,2,"956,328,","0,1506,",1284,"multiexonic","lincRNA","Species-specific"
"scaffold_3",14753491,14755000,"CrRegRNA_8461.1","CrRegRNA_8461",0,"-",14755000,14755000,0,4,"172,71,34,181,","0,865,1085,1328,",458,"multiexonic","lincRNA","OnlySynteny"
"scaffold_3",14753491,14755000,"CrRegRNA_8461.2","CrRegRNA_8461",0,"-",14755000,14755000,0,4,"172,71,76,181,","0,865,1043,1328,",500,"multiexonic","lincRNA","OnlySynteny"
"scaffold_3",14829115,14829833,"CrRegRNA_8481.1","CrRegRNA_8481",0,"-",14829833,14829833,0,1,"718,","0,",718,"monoexonic","lincRNA","ConservedBySyntenyandSequence"
"scaffold_3",1580545,1581267,"CrRegRNA_6120.1","CrRegRNA_6120",0,"-",1581267,1581267,0,2,"161,102,","0,620,",263,"multiexonic","lincRNA","ConservedBySyntenyandSequence"
"scaffold_3",1624378,1624655,"CrRegRNA_6131.1","CrRegRNA_6131",0,".",1624655,1624655,0,1,"277,","0,",277,"monoexonic","lincRNA","ConservedBySyntenyandSequence"
"scaffold_3",1979553,1980059,"CrRegRNA_6222.1","CrRegRNA_6222",0,"+",1980059,1980059,0,1,"506,","0,",506,"monoexonic","lincRNA","ConservedBySyntenyandSequence"
"scaffold_3",2096306,2097657,"CrRegRNA_6245.1","CrRegRNA_6245",0,"+",2097657,2097657,0,3,"171,643,293,","0,329,1058,",1107,"multiexonic","NAT_lncRNA","NA"
"scaffold_3",2135971,2136746,"CrRegRNA_6252.1","CrRegRNA_6252",0,"+",2136746,2136746,0,1,"775,","0,",775,"monoexonic","lincRNA","ConservedBySyntenyandSequence"
"scaffold_3",2734114,2734971,"CrRegRNA_6413.1","CrRegRNA_6413",0,"+",2734971,2734971,0,1,"857,","0,",857,"monoexonic","lincRNA","ConservedBySyntenyandSequence"
"scaffold_3",3427811,3428702,"CrRegRNA_6580.1","CrRegRNA_6580",0,"+",3428702,3428702,0,2,"433,392,","0,499,",825,"multiexonic","NAT_lncRNA","NA"
"scaffold_3",3557382,3557862,"CrRegRNA_6612.1","CrRegRNA_6612",0,"+",3557862,3557862,0,2,"145,239,","0,241,",384,"multiexonic","lincRNA","ConservedBySyntenyandSequence"
"scaffold_3",3960831,3962184,"CrRegRNA_6696.1","CrRegRNA_6696",0,"+",3962184,3962184,0,4,"204,182,63,385,","0,288,812,968,",834,"multiexonic","NAT_lncRNA","NA"
"scaffold_3",40782,41521,"CrRegRNA_5724.2","CrRegRNA_5724",0,"-",41521,41521,0,3,"272,61,173,","0,369,566,",506,"multiexonic","NAT_lncRNA","NA"
"scaffold_3",4130969,4131173,"CrRegRNA_6743.1","CrRegRNA_6743",0,"-",4131173,4131173,0,1,"204,","0,",204,"monoexonic","lincRNA","ConservedBySyntenyandSequence"
"scaffold_3",4228246,4228990,"CrRegRNA_6768.1","CrRegRNA_6768",0,"-",4228990,4228990,0,2,"240,74,","0,670,",314,"multiexonic","lincRNA","ConservedBySyntenyandSequence"
"scaffold_3",42325,43549,"CrRegRNA_5718.1","CrRegRNA_5718",0,"+",43549,43549,0,1,"1224,","0,",1224,"monoexonic","lincRNA","ConservedBySyntenyandSequence"
"scaffold_3",43587,43800,"Carub.0003s0014.1.v1.1","Carub.0003s0014.1.v1",0,"-",43800,43800,0,1,"213,","0,",213,"monoexonic","lincRNA","ConservedBySyntenyandSequence"
"scaffold_3",44502,44715,"Carub.0003s0015.1.v1.1","Carub.0003s0015.1.v1",0,"+",44715,44715,0,1,"213,","0,",213,"monoexonic","lincRNA","ConservedBySyntenyandSequence"
"scaffold_3",4452880,4453417,"CrRegRNA_6813.1","CrRegRNA_6813",0,"+",4453417,4453417,0,2,"134,314,","0,223,",448,"multiexonic","lincRNA","ConservedBySyntenyandSequence"
"scaffold_3",4452880,4453417,"CrRegRNA_6813.2","CrRegRNA_6813",0,"+",4453417,4453417,0,2,"134,317,","0,220,",451,"multiexonic","lincRNA","ConservedBySyntenyandSequence"
"scaffold_3",4665430,4666570,"CrRegRNA_6858.1","CrRegRNA_6858",0,"-",4666570,4666570,0,2,"396,220,","0,920,",616,"multiexonic","lincRNA","ConservedBySyntenyandSequence"
"scaffold_3",4991768,4992614,"CrRegRNA_6923.1","CrRegRNA_6923",0,".",4992614,4992614,0,1,"846,","0,",846,"monoexonic","lincRNA","Species-specific"
"scaffold_3",500975,501793,"CrRegRNA_5842.1","CrRegRNA_5842",0,"+",501793,501793,0,2,"321,322,","0,496,",643,"multiexonic","lincRNA","ConservedBySyntenyandSequence"
"scaffold_3",5323220,5324176,"CrRegRNA_7015.2","CrRegRNA_7015",0,"-",5324176,5324176,0,4,"188,52,51,349,","0,333,469,607,",640,"multiexonic","sense_exonic_lncRNA","NA"
"scaffold_3",5391949,5392579,"CrRegRNA_7024.1","CrRegRNA_7024",0,"+",5392579,5392579,0,1,"630,","0,",630,"monoexonic","sense_exonic_lncRNA","NA"
"scaffold_3",5700773,5701001,"CrRegRNA_7106.1","CrRegRNA_7106",0,"-",5701001,5701001,0,1,"228,","0,",228,"monoexonic","lincRNA","ConservedBySyntenyandSequence"
"scaffold_3",602389,602953,"CrRegRNA_5878.1","CrRegRNA_5878",0,"-",602953,602953,0,1,"564,","0,",564,"monoexonic","lincRNA","ConservedBySyntenyandSequence"
"scaffold_3",6534269,6534522,"CrRegRNA_7295.1","CrRegRNA_7295",0,".",6534522,6534522,0,1,"253,","0,",253,"monoexonic","lincRNA","Species-specific"
"scaffold_3",6895425,6895726,"CrRegRNA_7370.2","CrRegRNA_7370",0,"+",6895726,6895726,0,2,"184,57,","0,244,",241,"multiexonic","lincRNA","ConservedBySyntenyandSequence"
"scaffold_3",6895425,6895726,"CrRegRNA_7370.1","CrRegRNA_7370",0,"+",6895726,6895726,0,1,"301,","0,",301,"monoexonic","lincRNA","ConservedBySyntenyandSequence"
"scaffold_3",7346641,7347551,"CrRegRNA_7469.1","CrRegRNA_7469",0,"-",7347551,7347551,0,2,"334,425,","0,485,",759,"multiexonic","lincRNA","ConservedBySyntenyandSequence"
"scaffold_3",7736634,7737188,"CrRegRNA_7545.1","CrRegRNA_7545",0,"+",7737188,7737188,0,2,"99,358,","0,196,",457,"multiexonic","lincRNA","ConservedBySyntenyandSequence"
"scaffold_3",789027,790271,"CrRegRNA_5932.1","CrRegRNA_5932",0,"+",790271,790271,0,1,"1244,","0,",1244,"monoexonic","lincRNA","ConservedBySyntenyandSequence"
"scaffold_3",8330121,8330713,"CrRegRNA_7646.1","CrRegRNA_7646",0,".",8330713,8330713,0,1,"592,","0,",592,"monoexonic","lincRNA","ConservedBySyntenyandSequence"
"scaffold_3",8579152,8579428,"CrRegRNA_7681.1","CrRegRNA_7681",0,"+",8579428,8579428,0,1,"276,","0,",276,"monoexonic","lincRNA","ConservedBySyntenyandSequence"
"scaffold_3",9682344,9683362,"CrRegRNA_7843.1","CrRegRNA_7843",0,".",9683362,9683362,0,1,"1018,","0,",1018,"monoexonic","lincRNA","Species-specific"
"scaffold_312",4811,5104,"CrRegRNA_8527.1","CrRegRNA_8527",0,"-",5104,5104,0,1,"293,","0,",293,"monoexonic","lincRNA","Species-specific"
"scaffold_314",1212,2882,"CrRegRNA_8536.1","CrRegRNA_8536",0,"-",2882,2882,0,1,"1670,","0,",1670,"monoexonic","lincRNA","Species-specific"
"scaffold_314",161,877,"CrRegRNA_8530.1","CrRegRNA_8530",0,"-",877,877,0,1,"716,","0,",716,"monoexonic","lincRNA","Species-specific"
"scaffold_314",2283,2871,"CrRegRNA_8537.1","CrRegRNA_8537",0,"+",2871,2871,0,1,"588,","0,",588,"monoexonic","lincRNA","Species-specific"
"scaffold_314",625,876,"CrRegRNA_8532.1","CrRegRNA_8532",0,"+",876,876,0,1,"251,","0,",251,"monoexonic","lincRNA","Species-specific"
"scaffold_33",25483,26136,"CrRegRNA_8538.1","CrRegRNA_8538",0,"+",26136,26136,0,1,"653,","0,",653,"monoexonic","lincRNA","ConservedBySyntenyandSequence"
"scaffold_338",148,753,"CrRegRNA_8547.1","CrRegRNA_8547",0,"+",753,753,0,1,"605,","0,",605,"monoexonic","lincRNA","Species-specific"
"scaffold_338",161,753,"CrRegRNA_8548.1","CrRegRNA_8548",0,"-",753,753,0,1,"592,","0,",592,"monoexonic","lincRNA","Species-specific"
"scaffold_338",2255,2466,"CrRegRNA_8546.1","CrRegRNA_8546",0,"-",2466,2466,0,1,"211,","0,",211,"monoexonic","lincRNA","Species-specific"
"scaffold_338",2255,2484,"CrRegRNA_8545.1","CrRegRNA_8545",0,"+",2484,2484,0,1,"229,","0,",229,"monoexonic","lincRNA","Species-specific"
"scaffold_338",3288,4627,"CrRegRNA_8549.1","CrRegRNA_8549",0,"+",4627,4627,0,2,"166,185,","0,1154,",351,"multiexonic","lincRNA","Species-specific"
"scaffold_338",4406,4627,"CrRegRNA_8550.1","CrRegRNA_8550",0,"-",4627,4627,0,1,"221,","0,",221,"monoexonic","lincRNA","Species-specific"
"scaffold_367",3326,3613,"CrRegRNA_8560.1","CrRegRNA_8560",0,"+",3613,3613,0,1,"287,","0,",287,"monoexonic","lincRNA","Species-specific"
"scaffold_367",3326,3613,"CrRegRNA_8561.1","CrRegRNA_8561",0,"-",3613,3613,0,1,"287,","0,",287,"monoexonic","lincRNA","Species-specific"
"scaffold_367",508,1530,"CrRegRNA_8558.1","CrRegRNA_8558",0,"+",1530,1530,0,1,"1022,","0,",1022,"monoexonic","lincRNA","Species-specific"
"scaffold_376",0,497,"CrRegRNA_8562.1","CrRegRNA_8562",0,"-",497,497,0,2,"120,181,","0,316,",301,"multiexonic","lincRNA","Species-specific"
"scaffold_385",555,2124,"CrRegRNA_8563.1","CrRegRNA_8563",0,"-",2124,2124,0,2,"166,227,","0,1342,",393,"multiexonic","lincRNA","Species-specific"
"scaffold_399",0,801,"CrRegRNA_8565.1","CrRegRNA_8565",0,"+",801,801,0,1,"801,","0,",801,"monoexonic","lincRNA","Species-specific"
"scaffold_4",533250,533790,"Carub.0004s0145.1.v1.1","Carub.0004s0145.1.v1",0,"+",533790,533790,0,2,"116,327,","0,213,",443,"multiexonic","lincRNA","ConservedBySyntenyandSequence"
"scaffold_4",7173699,7173966,"Carub.0004s1029.1.v1.1","Carub.0004s1029.1.v1",0,"-",7173966,7173966,0,1,"267,","0,",267,"monoexonic","lincRNA","ConservedBySyntenyandSequence"
"scaffold_4",10373452,10374021,"CrRegRNA_9914.1","CrRegRNA_9914",0,"-",10374021,10374021,0,1,"569,","0,",569,"monoexonic","lincRNA","ConservedBySyntenyandSequence"
"scaffold_4",1057943,1064624,"CrRegRNA_8754.2","CrRegRNA_8754",0,"-",1064624,1064624,0,4,"2823,186,57,2904,","0,2924,3608,3777,",5970,"multiexonic","lincRNA","OnlySynteny"
"scaffold_4",1059896,1064624,"CrRegRNA_8754.3","CrRegRNA_8754",0,"-",1064624,1064624,0,5,"1157,57,35,582,2085,","0,1655,1824,1982,2643,",3916,"multiexonic","lincRNA","OnlySynteny"
"scaffold_4",10938635,10940075,"CrRegRNA_10033.2","CrRegRNA_10033",0,"-",10940075,10940075,0,3,"68,96,716,","0,169,724,",880,"multiexonic","lincRNA","ConservedBySyntenyandSequence"
"scaffold_4",11289905,11290161,"CrRegRNA_10111.1","CrRegRNA_10111",0,"+",11290161,11290161,0,1,"256,","0,",256,"monoexonic","lincRNA","ConservedBySyntenyandSequence"
"scaffold_4",11468084,11469105,"CrRegRNA_10152.2","CrRegRNA_10152",0,"-",11469105,11469105,0,5,"149,70,125,64,124,","0,272,448,749,897,",532,"multiexonic","lincRNA","ConservedBySyntenyandSequence"
"scaffold_4",11542782,11543423,"CrRegRNA_10168.1","CrRegRNA_10168",0,"+",11543423,11543423,0,2,"287,277,","0,364,",564,"multiexonic","lincRNA","ConservedBySyntenyandSequence"
"scaffold_4",11639017,11639956,"CrRegRNA_10195.1","CrRegRNA_10195",0,"+",11639956,11639956,0,1,"939,","0,",939,"monoexonic","lincRNA","ConservedBySyntenyandSequence"
"scaffold_4",11887772,11889274,"CrRegRNA_10243.2","CrRegRNA_10243",0,"-",11889274,11889274,0,4,"187,77,67,685,","0,490,672,817,",1016,"multiexonic","lincRNA","ConservedBySyntenyandSequence"
"scaffold_4",11938541,11938994,"CrRegRNA_10250.1","CrRegRNA_10250",0,"-",11938994,11938994,0,2,"209,135,","0,318,",344,"multiexonic","lincRNA","ConservedBySyntenyandSequence"
"scaffold_4",12301001,12301409,"CrRegRNA_10340.1","CrRegRNA_10340",0,"+",12301409,12301409,0,1,"408,","0,",408,"monoexonic","lincRNA","ConservedBySyntenyandSequence"
"scaffold_4",12362993,12364567,"CrRegRNA_10354.1","CrRegRNA_10354",0,"+",12364567,12364567,0,1,"1574,","0,",1574,"monoexonic","lincRNA","ConservedBySyntenyandSequence"
"scaffold_4",12584964,12585382,"CrRegRNA_10394.1","CrRegRNA_10394",0,"-",12585382,12585382,0,1,"418,","0,",418,"monoexonic","lincRNA","ConservedBySyntenyandSequence"
"scaffold_4",13026562,13027816,"CrRegRNA_10481.1","CrRegRNA_10481",0,"-",13027816,13027816,0,2,"522,145,","0,1109,",667,"multiexonic","lincRNA","ConservedBySyntenyandSequence"
"scaffold_4",13208866,13209820,"CrRegRNA_10526.1","CrRegRNA_10526",0,".",13209820,13209820,0,1,"954,","0,",954,"monoexonic","lincRNA","ConservedBySyntenyandSequence"
"scaffold_4",13934649,13935193,"CrRegRNA_10708.1","CrRegRNA_10708",0,"-",13935193,13935193,0,1,"544,","0,",544,"monoexonic","lincRNA","Species-specific"
"scaffold_4",1396475,1396903,"CrRegRNA_8803.1","CrRegRNA_8803",0,".",1396903,1396903,0,1,"428,","0,",428,"monoexonic","lincRNA","ConservedBySyntenyandSequence"
"scaffold_4",14080194,14080816,"CrRegRNA_10739.1","CrRegRNA_10739",0,"+",14080816,14080816,0,3,"100,54,287,","0,190,335,",441,"multiexonic","lincRNA","ConservedBySyntenyandSequence"
"scaffold_4",14081113,14082252,"CrRegRNA_10741.1","CrRegRNA_10741",0,"+",14082252,14082252,0,4,"164,122,55,225,","0,245,600,914,",566,"multiexonic","lincRNA","ConservedBySyntenyandSequence"
"scaffold_4",14271980,14273007,"CrRegRNA_10786.1","CrRegRNA_10786",0,".",14273007,14273007,0,1,"1027,","0,",1027,"monoexonic","lincRNA","ConservedBySyntenyandSequence"
"scaffold_4",14705394,14706052,"CrRegRNA_10877.1","CrRegRNA_10877",0,".",14706052,14706052,0,1,"658,","0,",658,"monoexonic","lincRNA","ConservedBySyntenyandSequence"
"scaffold_4",14757030,14757411,"CrRegRNA_10887.1","CrRegRNA_10887",0,".",14757411,14757411,0,1,"381,","0,",381,"monoexonic","lincRNA","ConservedBySyntenyandSequence"
"scaffold_4",14807424,14808505,"CrRegRNA_10898.2","CrRegRNA_10898",0,"+",14808505,14808505,0,2,"230,343,","0,738,",573,"multiexonic","lincRNA","ConservedBySyntenyandSequence"
"scaffold_4",14934544,14934777,"CrRegRNA_10934.1","CrRegRNA_10934",0,"-",14934777,14934777,0,1,"233,","0,",233,"monoexonic","lincRNA","ConservedBySyntenyandSequence"
"scaffold_4",1500713,1508300,"CrRegRNA_8817.1","CrRegRNA_8817",0,"+",1508300,1508300,0,6,"183,228,71,520,47,1146,","0,529,839,1032,1719,6441,",2195,"multiexonic","lincRNA","Species-specific"
"scaffold_4",1548623,1549686,"CrRegRNA_8822.1","CrRegRNA_8822",0,"+",1549686,1549686,0,2,"127,672,","0,391,",799,"multiexonic","lincRNA","ConservedBySyntenyandSequence"
"scaffold_4",1549392,1549686,"CrRegRNA_8823.1","CrRegRNA_8823",0,"-",1549686,1549686,0,1,"294,","0,",294,"monoexonic","lincRNA","ConservedBySyntenyandSequence"
"scaffold_4",1810465,1811013,"CrRegRNA_8859.1","CrRegRNA_8859",0,".",1811013,1811013,0,1,"548,","0,",548,"monoexonic","lincRNA","ConservedBySyntenyandSequence"
"scaffold_4",1825809,1827141,"CrRegRNA_8860.1","CrRegRNA_8860",0,"+",1827141,1827141,0,1,"1332,","0,",1332,"monoexonic","lincRNA","ConservedBySyntenyandSequence"
"scaffold_4",2139866,2142783,"CrRegRNA_8900.1","CrRegRNA_8900",0,"-",2142783,2142783,0,1,"2917,","0,",2917,"monoexonic","lincRNA","ConservedBySyntenyandSequence"
"scaffold_4",2251772,2253117,"CrRegRNA_8913.1","CrRegRNA_8913",0,"-",2253117,2253117,0,2,"529,308,","0,1037,",837,"multiexonic","lincRNA","Species-specific"
"scaffold_4",2281983,2282530,"CrRegRNA_8916.1","CrRegRNA_8916",0,"-",2282530,2282530,0,2,"276,173,","0,374,",449,"multiexonic","lincRNA","ConservedBySyntenyandSequence"
"scaffold_4",392253,392489,"CrRegRNA_8642.1","CrRegRNA_8642",0,"+",392489,392489,0,1,"236,","0,",236,"monoexonic","lincRNA","ConservedBySyntenyandSequence"
"scaffold_4",4366017,4366387,"CrRegRNA_9024.1","CrRegRNA_9024",0,".",4366387,4366387,0,1,"370,","0,",370,"monoexonic","lincRNA","ConservedBySyntenyandSequence"
"scaffold_4",5502820,5503388,"CrRegRNA_9053.1","CrRegRNA_9053",0,".",5503388,5503388,0,1,"568,","0,",568,"monoexonic","lincRNA","Species-specific"
"scaffold_4",5720420,5720736,"CrRegRNA_9073.1","CrRegRNA_9073",0,".",5720736,5720736,0,1,"316,","0,",316,"monoexonic","lincRNA","Species-specific"
"scaffold_4",5754822,5756058,"CrRegRNA_9079.1","CrRegRNA_9079",0,"+",5756058,5756058,0,3,"262,60,508,","0,574,728,",830,"multiexonic","lincRNA","ConservedBySyntenyandSequence"
"scaffold_4",5935409,5935673,"CrRegRNA_9098.1","CrRegRNA_9098",0,"+",5935673,5935673,0,1,"264,","0,",264,"monoexonic","lincRNA","ConservedBySyntenyandSequence"
"scaffold_4",629940,631169,"CrRegRNA_8677.1","CrRegRNA_8677",0,".",631169,631169,0,1,"1229,","0,",1229,"monoexonic","lincRNA","ConservedBySyntenyandSequence"
"scaffold_4",6410741,6410997,"CrRegRNA_9163.1","CrRegRNA_9163",0,".",6410997,6410997,0,1,"256,","0,",256,"monoexonic","lincRNA","ConservedBySyntenyandSequence"
"scaffold_4",6819836,6820856,"CrRegRNA_9213.1","CrRegRNA_9213",0,"+",6820856,6820856,0,2,"148,717,","0,303,",865,"multiexonic","lincRNA","ConservedBySyntenyandSequence"
"scaffold_4",8033534,8033893,"CrRegRNA_9434.1","CrRegRNA_9434",0,"+",8033893,8033893,0,1,"359,","0,",359,"monoexonic","lincRNA","ConservedBySyntenyandSequence"
"scaffold_4",8338489,8338722,"CrRegRNA_9499.1","CrRegRNA_9499",0,"+",8338722,8338722,0,1,"233,","0,",233,"monoexonic","lincRNA","ConservedBySyntenyandSequence"
"scaffold_4",8339508,8340053,"CrRegRNA_9500.1","CrRegRNA_9500",0,"+",8340053,8340053,0,3,"105,96,128,","0,224,417,",329,"multiexonic","lincRNA","ConservedBySyntenyandSequence"
"scaffold_4",847625,847912,"CrRegRNA_8722.1","CrRegRNA_8722",0,"+",847912,847912,0,1,"287,","0,",287,"monoexonic","lincRNA","ConservedBySyntenyandSequence"
"scaffold_4",907051,908462,"CrRegRNA_8731.2","CrRegRNA_8731",0,"-",908462,908462,0,5,"381,66,73,61,115,","0,458,640,794,1296,",696,"multiexonic","lincRNA","ConservedBySyntenyandSequence"
"scaffold_4",975248,975487,"CrRegRNA_8745.1","CrRegRNA_8745",0,"-",975487,975487,0,1,"239,","0,",239,"monoexonic","lincRNA","ConservedBySyntenyandSequence"
"scaffold_4",9841499,9842208,"CrRegRNA_9795.1","CrRegRNA_9795",0,".",9842208,9842208,0,1,"709,","0,",709,"monoexonic","lincRNA","ConservedBySyntenyandSequence"
"scaffold_42",2198,2542,"CrRegRNA_10964.1","CrRegRNA_10964",0,".",2542,2542,0,1,"344,","0,",344,"monoexonic","lincRNA","Species-specific"
"scaffold_439",1257,1845,"CrRegRNA_10972.1","CrRegRNA_10972",0,"+",1845,1845,0,1,"588,","0,",588,"monoexonic","lincRNA","Species-specific"
"scaffold_46",18739,19190,"Carub.0046s0003.1.v1.1","Carub.0046s0003.1.v1",0,"-",19190,19190,0,2,"6,207,","0,244,",213,"multiexonic","lincRNA","Species-specific"
"scaffold_46",29739,32492,"Carub.0046s0005.1.v1.1","Carub.0046s0005.1.v1",0,"-",32492,32492,0,2,"26,217,","0,2536,",243,"multiexonic","lincRNA","Species-specific"
"scaffold_483",1081,1282,"CrRegRNA_10981.1","CrRegRNA_10981",0,"-",1282,1282,0,1,"201,","0,",201,"monoexonic","lincRNA","Species-specific"
"scaffold_483",201,793,"CrRegRNA_10980.2","CrRegRNA_10980",0,"-",793,793,0,2,"203,142,","0,450,",345,"multiexonic","lincRNA","Species-specific"
"scaffold_486",227,899,"CrRegRNA_10983.1","CrRegRNA_10983",0,".",899,899,0,1,"672,","0,",672,"monoexonic","lincRNA","Species-specific"
"scaffold_5",12554381,12554931,"Carub.0005s2697.1.v1.1","Carub.0005s2697.1.v1",0,"+",12554931,12554931,0,2,"127,231,","0,319,",358,"multiexonic","lincRNA","ConservedBySyntenyandSequence"
"scaffold_5",3267500,3267960,"Carub.0005s0758.1.v1.1","Carub.0005s0758.1.v1",0,"-",3267960,3267960,0,3,"100,109,74,","0,197,386,",283,"multiexonic","lincRNA","ConservedBySyntenyandSequence"
"scaffold_5",10029974,10031961,"CrRegRNA_12422.1","CrRegRNA_12422",0,"-",10031961,10031961,0,2,"401,1300,","0,687,",1701,"multiexonic","lincRNA","ConservedBySyntenyandSequence"
"scaffold_5",10030659,10031961,"CrRegRNA_12423.1","CrRegRNA_12423",0,"+",10031961,10031961,0,1,"1302,","0,",1302,"monoexonic","lincRNA","ConservedBySyntenyandSequence"
"scaffold_5",10122381,10122872,"CrRegRNA_12452.1","CrRegRNA_12452",0,".",10122872,10122872,0,1,"491,","0,",491,"monoexonic","lincRNA","ConservedBySyntenyandSequence"
"scaffold_5",10309046,10309747,"CrRegRNA_12496.1","CrRegRNA_12496",0,"+",10309747,10309747,0,2,"46,271,","0,430,",317,"multiexonic","lincRNA","ConservedBySyntenyandSequence"
"scaffold_5",11012679,11013186,"CrRegRNA_12651.1","CrRegRNA_12651",0,"-",11013186,11013186,0,2,"272,100,","0,407,",372,"multiexonic","lincRNA","ConservedBySyntenyandSequence"
"scaffold_5",11114281,11115440,"CrRegRNA_12674.1","CrRegRNA_12674",0,"+",11115440,11115440,0,2,"184,823,","0,336,",1007,"multiexonic","lincRNA","ConservedBySyntenyandSequence"
"scaffold_5",12001222,12001435,"CrRegRNA_12876.1","CrRegRNA_12876",0,"-",12001435,12001435,0,1,"213,","0,",213,"monoexonic","NAT_lncRNA","NA"
"scaffold_5",12576083,12576474,"CrRegRNA_12992.1","CrRegRNA_12992",0,"-",12576474,12576474,0,1,"391,","0,",391,"monoexonic","lincRNA","ConservedBySyntenyandSequence"
"scaffold_5",12710560,12710780,"CrRegRNA_13022.1","CrRegRNA_13022",0,"+",12710780,12710780,0,1,"220,","0,",220,"monoexonic","NAT_lncRNA","NA"
"scaffold_5",13180730,13182063,"CrRegRNA_13116.1","CrRegRNA_13116",0,"-",13182063,13182063,0,1,"1333,","0,",1333,"monoexonic","lincRNA","ConservedBySyntenyandSequence"
"scaffold_5",13431613,13432314,"CrRegRNA_13170.1","CrRegRNA_13170",0,"+",13432314,13432314,0,1,"701,","0,",701,"monoexonic","lincRNA","ConservedBySyntenyandSequence"
"scaffold_5",1897053,1897555,"CrRegRNA_11326.1","CrRegRNA_11326",0,"+",1897555,1897555,0,1,"502,","0,",502,"monoexonic","lincRNA","Species-specific"
"scaffold_5",2117193,2117403,"Carub.0005s0523.1.v1.1","Carub.0005s0523.1.v1",0,"+",2117403,2117403,0,1,"210,","0,",210,"monoexonic","lincRNA","ConservedBySyntenyandSequence"
"scaffold_5",2297104,2298842,"CrRegRNA_11393.1","CrRegRNA_11393",0,"+",2298842,2298842,0,4,"111,108,60,361,","0,279,1202,1377,",640,"multiexonic","sense_exonic_lncRNA","NA"
"scaffold_5",2386310,2388527,"CrRegRNA_11406.1","CrRegRNA_11406",0,"+",2388527,2388527,0,5,"396,186,81,67,956,","0,637,915,1110,1261,",1686,"multiexonic","lincRNA","ConservedBySyntenyandSequence"
"scaffold_5",2391286,2391705,"CrRegRNA_11408.1","CrRegRNA_11408",0,"+",2391705,2391705,0,2,"260,61,","0,358,",321,"multiexonic","lincRNA","ConservedBySyntenyandSequence"
"scaffold_5",2654314,2656491,"CrRegRNA_11453.3","CrRegRNA_11453",0,"-",2656491,2656491,0,4,"321,53,71,145,","0,693,1782,2032,",590,"multiexonic","lincRNA","Species-specific"
"scaffold_5",2654314,2656495,"CrRegRNA_11453.1","CrRegRNA_11453",0,"-",2656495,2656495,0,3,"746,71,149,","0,1782,2032,",966,"multiexonic","lincRNA","Species-specific"
"scaffold_5",3426504,3427437,"CrRegRNA_11535.1","CrRegRNA_11535",0,".",3427437,3427437,0,1,"933,","0,",933,"monoexonic","lincRNA","Species-specific"
"scaffold_5",559382,561003,"CrRegRNA_11098.1","CrRegRNA_11098",0,"-",561003,561003,0,4,"418,122,106,343,","0,517,983,1278,",989,"multiexonic","lincRNA","ConservedBySyntenyandSequence"
"scaffold_5",6095985,6096408,"CrRegRNA_11682.1","CrRegRNA_11682",0,"-",6096408,6096408,0,1,"423,","0,",423,"monoexonic","lincRNA","ConservedBySyntenyandSequence"
"scaffold_5",6151520,6152203,"CrRegRNA_11689.1","CrRegRNA_11689",0,"-",6152203,6152203,0,1,"683,","0,",683,"monoexonic","lincRNA","Species-specific"
"scaffold_5",632820,633796,"CrRegRNA_11115.1","CrRegRNA_11115",0,"-",633796,633796,0,3,"628,66,108,","0,703,868,",802,"multiexonic","NAT_lncRNA","NA"
"scaffold_5",6585144,6589915,"CrRegRNA_11729.1","CrRegRNA_11729",0,"-",6589915,6589915,0,15,"866,68,68,166,71,83,86,60,389,48,102,63,119,88,810,","0,979,1142,1303,1568,1921,2118,2277,2438,2920,3054,3382,3566,3769,3961,",3087,"multiexonic","lincRNA","ConservedBySyntenyandSequence"
"scaffold_5",6590083,6591273,"CrRegRNA_11730.1","CrRegRNA_11730",0,"-",6591273,6591273,0,2,"126,207,","0,983,",333,"multiexonic","lincRNA","Species-specific"
"scaffold_5",6650882,6651759,"CrRegRNA_11738.1","CrRegRNA_11738",0,"+",6651759,6651759,0,1,"877,","0,",877,"monoexonic","lincRNA","ConservedBySyntenyandSequence"
"scaffold_5",6680917,6681960,"CrRegRNA_11743.2","CrRegRNA_11743",0,"+",6681960,6681960,0,3,"293,119,285,","0,393,758,",697,"multiexonic","lincRNA","Species-specific"
"scaffold_5",6683707,6685030,"CrRegRNA_11744.1","CrRegRNA_11744",0,"-",6685030,6685030,0,3,"464,98,315,","0,552,1008,",877,"multiexonic","lincRNA","ConservedBySyntenyandSequence"
"scaffold_5",6768777,6769035,"CrRegRNA_11759.1","CrRegRNA_11759",0,"-",6769035,6769035,0,1,"258,","0,",258,"monoexonic","lincRNA","ConservedBySyntenyandSequence"
"scaffold_5",7172863,7174403,"CrRegRNA_11813.1","CrRegRNA_11813",0,"+",7174403,7174403,0,3,"407,79,204,","0,855,1336,",690,"multiexonic","lincRNA","Species-specific"
"scaffold_5",7275973,7276599,"CrRegRNA_11826.1","CrRegRNA_11826",0,"+",7276599,7276599,0,1,"626,","0,",626,"monoexonic","lincRNA","OnlySynteny"
"scaffold_5",7334777,7336831,"CrRegRNA_11843.1","CrRegRNA_11843",0,"+",7336831,7336831,0,5,"294,47,90,60,313,","0,715,1410,1591,1741,",804,"multiexonic","lincRNA","ConservedBySyntenyandSequence"
"scaffold_5",7334837,7337933,"CrRegRNA_11843.2","CrRegRNA_11843",0,"+",7337933,7337933,0,5,"234,47,241,143,975,","0,655,1350,1681,2121,",1640,"multiexonic","lincRNA","ConservedBySyntenyandSequence"
"scaffold_5",7334837,7337933,"CrRegRNA_11843.3","CrRegRNA_11843",0,"+",7337933,7337933,0,6,"234,47,90,80,143,975,","0,655,1350,1511,1681,2121,",1569,"multiexonic","lincRNA","ConservedBySyntenyandSequence"
"scaffold_5",7779681,7780719,"CrRegRNA_11946.3","CrRegRNA_11946",0,"-",7780719,7780719,0,2,"349,133,","0,905,",482,"multiexonic","lincRNA","ConservedBySyntenyandSequence"
"scaffold_5",8058511,8058721,"Carub.0005s1480.1.v1.1","Carub.0005s1480.1.v1",0,"+",8058721,8058721,0,1,"210,","0,",210,"monoexonic","lincRNA","ConservedBySyntenyandSequence"
"scaffold_5",8237511,8238971,"CrRegRNA_12041.1","CrRegRNA_12041",0,"+",8238971,8238971,0,4,"260,100,73,373,","0,469,680,1087,",806,"multiexonic","lincRNA","Species-specific"
"scaffold_5",8999702,9000703,"CrRegRNA_12174.1","CrRegRNA_12174",0,".",9000703,9000703,0,1,"1001,","0,",1001,"monoexonic","lincRNA","ConservedBySyntenyandSequence"
"scaffold_5",9180449,9181426,"CrRegRNA_12221.1","CrRegRNA_12221",0,"-",9181426,9181426,0,1,"977,","0,",977,"monoexonic","sense_exonic_lncRNA","NA"
"scaffold_5",9205813,9208033,"CrRegRNA_12231.2","CrRegRNA_12231",0,"+",9208033,9208033,0,5,"33,214,706,98,414,","0,296,636,1546,1806,",1465,"multiexonic","sense_exonic_lncRNA","NA"
"scaffold_5",9222865,9223384,"CrRegRNA_12239.1","CrRegRNA_12239",0,"-",9223384,9223384,0,1,"519,","0,",519,"monoexonic","lincRNA","ConservedBySyntenyandSequence"
"scaffold_5",930941,936112,"CrRegRNA_11159.2","CrRegRNA_11159",0,"+",936112,936112,0,2,"135,649,","0,4522,",784,"multiexonic","lincRNA","Species-specific"
"scaffold_5",9703647,9704290,"CrRegRNA_12351.1","CrRegRNA_12351",0,"-",9704290,9704290,0,2,"287,234,","0,409,",521,"multiexonic","lincRNA","Species-specific"
"scaffold_5",9847991,9848316,"CrRegRNA_12387.1","CrRegRNA_12387",0,"+",9848316,9848316,0,1,"325,","0,",325,"monoexonic","lincRNA","ConservedBySyntenyandSequence"
"scaffold_535",81,740,"CrRegRNA_13241.1","CrRegRNA_13241",0,"-",740,740,0,1,"659,","0,",659,"monoexonic","lincRNA","Species-specific"
"scaffold_558",5530,5732,"CrRegRNA_13252.1","CrRegRNA_13252",0,"-",5732,5732,0,1,"202,","0,",202,"monoexonic","lincRNA","Species-specific"
"scaffold_593",25498,26039,"CrRegRNA_13259.1","CrRegRNA_13259",0,"+",26039,26039,0,1,"541,","0,",541,"monoexonic","lincRNA","Species-specific"
"scaffold_593",88,406,"CrRegRNA_13257.1","CrRegRNA_13257",0,"-",406,406,0,1,"318,","0,",318,"monoexonic","lincRNA","Species-specific"
"scaffold_6",10645363,10647471,"CrRegRNA_15431.1","CrRegRNA_15431",0,"-",10647471,10647471,0,3,"515,66,1339,","0,600,769,",1920,"multiexonic","sense_exonic_lncRNA","NA"
"scaffold_6",10806892,10807130,"CrRegRNA_15443.1","CrRegRNA_15443",0,"+",10807130,10807130,0,1,"238,","0,",238,"monoexonic","lincRNA","Species-specific"
"scaffold_6",11413957,11415435,"CrRegRNA_15451.1","CrRegRNA_15451",0,"-",11415435,11415435,0,2,"877,456,","0,1022,",1333,"multiexonic","lincRNA","Species-specific"
"scaffold_6",12833696,12838031,"CrRegRNA_15556.2","CrRegRNA_15556",0,"-",12838031,12838031,0,3,"813,93,260,","0,1461,4075,",1166,"multiexonic","sense_exonic_lncRNA","NA"
"scaffold_6",12876936,12877158,"CrRegRNA_15559.1","CrRegRNA_15559",0,".",12877158,12877158,0,1,"222,","0,",222,"monoexonic","lincRNA","Species-specific"
"scaffold_6",12890148,12890681,"Carub.0006s2842.1.v1.1","Carub.0006s2842.1.v1",0,"+",12890681,12890681,0,1,"533,","0,",533,"monoexonic","lincRNA","ConservedBySyntenyandSequence"
"scaffold_6",13502831,13503447,"CrRegRNA_15634.1","CrRegRNA_15634",0,"+",13503447,13503447,0,2,"416,101,","0,515,",517,"multiexonic","lincRNA","Species-specific"
"scaffold_6",13632512,13633261,"CrRegRNA_15656.1","CrRegRNA_15656",0,"-",13633261,13633261,0,1,"749,","0,",749,"monoexonic","lincRNA","ConservedBySyntenyandSequence"
"scaffold_6",1387975,1388814,"CrRegRNA_13575.1","CrRegRNA_13575",0,"-",1388814,1388814,0,5,"60,73,72,65,115,","0,155,317,458,724,",385,"multiexonic","lincRNA","Species-specific"
"scaffold_6",14330000,14331040,"CrRegRNA_15735.1","CrRegRNA_15735",0,"+",14331040,14331040,0,4,"152,155,74,236,","0,248,503,804,",617,"multiexonic","lincRNA","Species-specific"
"scaffold_6",14530699,14533410,"CrRegRNA_15775.1","CrRegRNA_15775",0,"-",14533410,14533410,0,4,"353,86,134,268,","0,1901,2078,2443,",841,"multiexonic","lincRNA","Species-specific"
"scaffold_6",14951566,14951916,"CrRegRNA_15844.1","CrRegRNA_15844",0,"+",14951916,14951916,0,2,"101,144,","0,206,",245,"multiexonic","lincRNA","Species-specific"
"scaffold_6",15349056,15349460,"CrRegRNA_15924.1","CrRegRNA_15924",0,".",15349460,15349460,0,1,"404,","0,",404,"monoexonic","lincRNA","ConservedBySyntenyandSequence"
"scaffold_6",15415569,15415829,"CrRegRNA_15933.1","CrRegRNA_15933",0,"-",15415829,15415829,0,1,"260,","0,",260,"monoexonic","lincRNA","Species-specific"
"scaffold_6",16027901,16028180,"CrRegRNA_16045.1","CrRegRNA_16045",0,"-",16028180,16028180,0,1,"279,","0,",279,"monoexonic","lincRNA","ConservedBySyntenyandSequence"
"scaffold_6",16112828,16114079,"Carub.0006s3588.1.v1.1","Carub.0006s3588.1.v1",0,"-",16114079,16114079,0,3,"379,113,150,","0,465,1101,",642,"multiexonic","lincRNA","ConservedBySyntenyandSequence"
"scaffold_6",16112828,16114079,"Carub.0006s3588.2.v1.1","Carub.0006s3588.2.v1",0,"-",16114079,16114079,0,3,"379,104,150,","0,465,1101,",633,"multiexonic","lincRNA","ConservedBySyntenyandSequence"
"scaffold_6",1645124,1645467,"CrRegRNA_13632.1","CrRegRNA_13632",0,".",1645467,1645467,0,1,"343,","0,",343,"monoexonic","lincRNA","ConservedBySyntenyandSequence"
"scaffold_6",2311427,2312244,"CrRegRNA_13785.1","CrRegRNA_13785",0,".",2312244,2312244,0,1,"817,","0,",817,"monoexonic","lincRNA","ConservedBySyntenyandSequence"
"scaffold_6",2609482,2610546,"CrRegRNA_13848.1","CrRegRNA_13848",0,"-",2610546,2610546,0,1,"1064,","0,",1064,"monoexonic","lincRNA","ConservedBySyntenyandSequence"
"scaffold_6",2679143,2680960,"Carub.0006s0729.1.v1.1","Carub.0006s0729.1.v1",0,"+",2680960,2680960,0,3,"209,14,38,","0,1689,1779,",261,"multiexonic","sense_exonic_lncRNA","NA"
"scaffold_6",3288447,3289102,"CrRegRNA_14019.1","CrRegRNA_14019",0,".",3289102,3289102,0,1,"655,","0,",655,"monoexonic","lincRNA","ConservedBySyntenyandSequence"
"scaffold_6",3302170,3302738,"CrRegRNA_14022.2","CrRegRNA_14022",0,"-",3302738,3302738,0,2,"223,243,","0,325,",466,"multiexonic","lincRNA","ConservedBySyntenyandSequence"
"scaffold_6",3697615,3697893,"CrRegRNA_14116.1","CrRegRNA_14116",0,"+",3697893,3697893,0,1,"278,","0,",278,"monoexonic","lincRNA","ConservedBySyntenyandSequence"
"scaffold_6",3853661,3854698,"CrRegRNA_14149.1","CrRegRNA_14149",0,"-",3854698,3854698,0,1,"1037,","0,",1037,"monoexonic","lincRNA","ConservedBySyntenyandSequence"
"scaffold_6",4219356,4220855,"CrRegRNA_14231.1","CrRegRNA_14231",0,"-",4220855,4220855,0,1,"1499,","0,",1499,"monoexonic","lincRNA","ConservedBySyntenyandSequence"
"scaffold_6",4219455,4220840,"CrRegRNA_14232.1","CrRegRNA_14232",0,"+",4220840,4220840,0,1,"1385,","0,",1385,"monoexonic","lincRNA","ConservedBySyntenyandSequence"
"scaffold_6",4576946,4577797,"CrRegRNA_14314.1","CrRegRNA_14314",0,"-",4577797,4577797,0,1,"851,","0,",851,"monoexonic","lincRNA","ConservedBySyntenyandSequence"
"scaffold_6",4585629,4586132,"CrRegRNA_14319.1","CrRegRNA_14319",0,"-",4586132,4586132,0,2,"191,212,","0,291,",403,"multiexonic","lincRNA","ConservedBySyntenyandSequence"
"scaffold_6",4585629,4585842,"Carub.0006s1231.1.v1.1","Carub.0006s1231.1.v1",0,"-",4585842,4585842,0,1,"213,","0,",213,"monoexonic","lincRNA","ConservedBySyntenyandSequence"
"scaffold_6",4729302,4729939,"CrRegRNA_14359.1","CrRegRNA_14359",0,"+",4729939,4729939,0,2,"228,239,","0,398,",467,"multiexonic","NAT_lncRNA","NA"
"scaffold_6",4729302,4729939,"CrRegRNA_14359.2","CrRegRNA_14359",0,"+",4729939,4729939,0,2,"228,162,","0,475,",390,"multiexonic","NAT_lncRNA","NA"
"scaffold_6",4824670,4825067,"CrRegRNA_14381.1","CrRegRNA_14381",0,"-",4825067,4825067,0,1,"397,","0,",397,"monoexonic","lincRNA","ConservedBySyntenyandSequence"
"scaffold_6",5220732,5223610,"CrRegRNA_14471.2","CrRegRNA_14471",0,"-",5223610,5223610,0,12,"311,83,419,96,154,150,121,42,144,73,35,156,","0,397,500,1073,1281,1515,1754,1965,2131,2413,2597,2722,",1784,"multiexonic","sense_exonic_lncRNA","NA"
"scaffold_6",523292,524099,"Carub.0006s0138.1.v1.1","Carub.0006s0138.1.v1",0,"+",524099,524099,0,3,"103,106,362,","0,251,445,",571,"multiexonic","lincRNA","ConservedBySyntenyandSequence"
"scaffold_6",567077,570399,"CrRegRNA_13397.1","CrRegRNA_13397",0,"-",570399,570399,0,9,"113,65,81,42,76,101,100,87,140,","0,381,674,831,1034,1187,1365,1561,3182,",805,"multiexonic","lincRNA","ConservedBySyntenyandSequence"
"scaffold_6",6006929,6007445,"CrRegRNA_14649.1","CrRegRNA_14649",0,".",6007445,6007445,0,1,"516,","0,",516,"monoexonic","lincRNA","ConservedBySyntenyandSequence"
"scaffold_6",603378,605233,"CrRegRNA_13405.1","CrRegRNA_13405",0,"+",605233,605233,0,8,"288,73,37,124,80,60,53,108,","0,392,658,781,1038,1233,1399,1747,",823,"multiexonic","lincRNA","ConservedBySyntenyandSequence"
"scaffold_6",605581,610575,"CrRegRNA_13407.1","CrRegRNA_13407",0,"+",610575,610575,0,13,"223,55,452,63,136,132,101,70,151,436,743,250,454,","0,381,526,1081,1346,1634,2019,2264,2441,2713,3382,4217,4540,",3266,"multiexonic","lincRNA","ConservedBySyntenyandSequence"
"scaffold_6",605581,610419,"CrRegRNA_13407.2","CrRegRNA_13407",0,"+",610419,610419,0,14,"223,55,452,63,136,132,59,101,70,151,436,743,250,298,","0,381,526,1081,1346,1634,1845,2019,2264,2441,2713,3382,4217,4540,",3169,"multiexonic","lincRNA","ConservedBySyntenyandSequence"
"scaffold_6",7072872,7073379,"CrRegRNA_14907.1","CrRegRNA_14907",0,"-",7073379,7073379,0,2,"273,139,","0,368,",412,"multiexonic","lincRNA","Species-specific"
"scaffold_6",7278439,7279086,"CrRegRNA_14953.1","CrRegRNA_14953",0,".",7279086,7279086,0,1,"647,","0,",647,"monoexonic","lincRNA","ConservedBySyntenyandSequence"
"scaffold_6",8562448,8562975,"CrRegRNA_15188.1","CrRegRNA_15188",0,"+",8562975,8562975,0,2,"155,233,","0,294,",388,"multiexonic","NAT_lncRNA","NA"
"scaffold_6",8643716,8645091,"CrRegRNA_15204.1","CrRegRNA_15204",0,"-",8645091,8645091,0,3,"209,643,279,","0,295,1096,",1131,"multiexonic","lincRNA","ConservedBySyntenyandSequence"
"scaffold_6",8644062,8645092,"CrRegRNA_15205.1","CrRegRNA_15205",0,"+",8645092,8645092,0,2,"599,258,","0,772,",857,"multiexonic","lincRNA","ConservedBySyntenyandSequence"
"scaffold_6",9190511,9191208,"CrRegRNA_15297.1","CrRegRNA_15297",0,"+",9191208,9191208,0,2,"291,310,","0,387,",601,"multiexonic","NAT_lncRNA","NA"
"scaffold_6",9347143,9348222,"CrRegRNA_15318.1","CrRegRNA_15318",0,"-",9348222,9348222,0,3,"157,144,186,","0,315,893,",487,"multiexonic","lincRNA","ConservedBySyntenyandSequence"
"scaffold_6",9864087,9865046,"CrRegRNA_15397.1","CrRegRNA_15397",0,"-",9865046,9865046,0,2,"283,592,","0,367,",875,"multiexonic","sense_exonic_lncRNA","NA"
"scaffold_654",272,998,"CrRegRNA_16173.1","CrRegRNA_16173",0,"-",998,998,0,1,"726,","0,",726,"monoexonic","lincRNA","Species-specific"
"scaffold_654",273,622,"CrRegRNA_16174.1","CrRegRNA_16174",0,"+",622,622,0,1,"349,","0,",349,"monoexonic","lincRNA","Species-specific"
"scaffold_66",4341,6868,"CrRegRNA_16176.1","CrRegRNA_16176",0,"+",6868,6868,0,4,"109,60,179,861,","0,218,1151,1666,",1209,"multiexonic","lincRNA","Species-specific"
"scaffold_7",10900189,10900603,"Carub.0007s2848.1.v1.1","Carub.0007s2848.1.v1",0,"-",10900603,10900603,0,2,"185,73,","0,341,",258,"multiexonic","lincRNA","Species-specific"
"scaffold_7",14403472,14405487,"Carub.0007s3195.1.v1.1","Carub.0007s3195.1.v1",0,"-",14405487,14405487,0,2,"137,79,","0,1936,",216,"multiexonic","lincRNA","Species-specific"
"scaffold_7",10108242,10112275,"CrRegRNA_18339.1","CrRegRNA_18339",0,"+",10112275,10112275,0,2,"294,157,","0,3876,",451,"multiexonic","lincRNA","ConservedBySyntenyandSequence"
"scaffold_7",10836822,10838289,"CrRegRNA_18460.1","CrRegRNA_18460",0,"+",10838289,10838289,0,3,"115,481,376,","0,526,1091,",972,"multiexonic","lincRNA","ConservedBySyntenyandSequence"
"scaffold_7",11213296,11214225,"CrRegRNA_18516.1","CrRegRNA_18516",0,"+",11214225,11214225,0,2,"175,273,","0,656,",448,"multiexonic","lincRNA","ConservedBySyntenyandSequence"
"scaffold_7",12136481,12137838,"CrRegRNA_18581.1","CrRegRNA_18581",0,"+",12137838,12137838,0,3,"167,80,312,","0,309,1045,",559,"multiexonic","lincRNA","Species-specific"
"scaffold_7",13476359,13477755,"CrRegRNA_18614.1","CrRegRNA_18614",0,"-",13477755,13477755,0,3,"167,154,153,","0,949,1243,",474,"multiexonic","lincRNA","Species-specific"
"scaffold_7",13770350,13770965,"CrRegRNA_18628.1","CrRegRNA_18628",0,"-",13770965,13770965,0,2,"333,159,","0,456,",492,"multiexonic","lincRNA","OnlySynteny"
"scaffold_7",13834942,13835827,"CrRegRNA_18634.1","CrRegRNA_18634",0,"-",13835827,13835827,0,1,"885,","0,",885,"monoexonic","lincRNA","ConservedBySyntenyandSequence"
"scaffold_7",14091180,14092690,"CrRegRNA_18656.1","CrRegRNA_18656",0,"-",14092690,14092690,0,2,"291,364,","0,1146,",655,"multiexonic","lincRNA","Species-specific"
"scaffold_7",14228149,14228646,"CrRegRNA_18659.1","CrRegRNA_18659",0,".",14228646,14228646,0,1,"497,","0,",497,"monoexonic","lincRNA","ConservedBySyntenyandSequence"
"scaffold_7",144242,144789,"CrRegRNA_16213.1","CrRegRNA_16213",0,"-",144789,144789,0,2,"289,172,","0,375,",461,"multiexonic","lincRNA","ConservedBySyntenyandSequence"
"scaffold_7",14484399,14485216,"CrRegRNA_18683.1","CrRegRNA_18683",0,"-",14485216,14485216,0,2,"461,125,","0,692,",586,"multiexonic","lincRNA","ConservedBySyntenyandSequence"
"scaffold_7",15169930,15171391,"CrRegRNA_18749.1","CrRegRNA_18749",0,"+",15171391,15171391,0,1,"1461,","0,",1461,"monoexonic","lincRNA","ConservedBySyntenyandSequence"
"scaffold_7",15345666,15347396,"CrRegRNA_18784.2","CrRegRNA_18784",0,"-",15347396,15347396,0,5,"259,313,96,84,189,","0,424,876,1307,1541,",941,"multiexonic","lincRNA","ConservedBySyntenyandSequence"
"scaffold_7",15357755,15358587,"CrRegRNA_18787.1","CrRegRNA_18787",0,"-",15358587,15358587,0,2,"72,215,","0,617,",287,"multiexonic","lincRNA","ConservedBySyntenyandSequence"
"scaffold_7",15411374,15412063,"CrRegRNA_18794.1","CrRegRNA_18794",0,"-",15412063,15412063,0,3,"78,34,293,","0,278,396,",405,"multiexonic","lincRNA","ConservedBySyntenyandSequence"
"scaffold_7",15415796,15416176,"CrRegRNA_18792.1","CrRegRNA_18792",0,"-",15416176,15416176,0,1,"380,","0,",380,"monoexonic","lincRNA","ConservedBySyntenyandSequence"
"scaffold_7",15441424,15441824,"CrRegRNA_18797.1","CrRegRNA_18797",0,".",15441824,15441824,0,1,"400,","0,",400,"monoexonic","lincRNA","ConservedBySyntenyandSequence"
"scaffold_7",15456873,15457499,"CrRegRNA_18804.1","CrRegRNA_18804",0,".",15457499,15457499,0,1,"626,","0,",626,"monoexonic","lincRNA","Species-specific"
"scaffold_7",15743208,15743806,"CrRegRNA_18849.1","CrRegRNA_18849",0,"+",15743806,15743806,0,1,"598,","0,",598,"monoexonic","lincRNA","Species-specific"
"scaffold_7",15760986,15761196,"Carub.0007s3452.1.v1.1","Carub.0007s3452.1.v1",0,"+",15761196,15761196,0,1,"210,","0,",210,"monoexonic","lincRNA","ConservedBySyntenyandSequence"
"scaffold_7",15761575,15762116,"Carub.0007s3453.1.v1.1","Carub.0007s3453.1.v1",0,"-",15762116,15762116,0,1,"541,","0,",541,"monoexonic","lincRNA","ConservedBySyntenyandSequence"
"scaffold_7",15763382,15764063,"Carub.0007s3454.1.v1.1","Carub.0007s3454.1.v1",0,"+",15764063,15764063,0,1,"681,","0,",681,"monoexonic","lincRNA","ConservedBySyntenyandSequence"
"scaffold_7",15864442,15864777,"CrRegRNA_18872.1","CrRegRNA_18872",0,".",15864777,15864777,0,1,"335,","0,",335,"monoexonic","lincRNA","ConservedBySyntenyandSequence"
"scaffold_7",16964931,16965571,"CrRegRNA_19023.1","CrRegRNA_19023",0,"+",16965571,16965571,0,2,"291,190,","0,450,",481,"multiexonic","NAT_lncRNA","NA"
"scaffold_7",17152138,17152790,"CrRegRNA_19050.2","CrRegRNA_19050",0,"+",17152790,17152790,0,2,"207,338,","0,314,",545,"multiexonic","lincRNA","Species-specific"
"scaffold_7",2788837,2789430,"CrRegRNA_16810.1","CrRegRNA_16810",0,"+",2789430,2789430,0,2,"236,161,","0,432,",397,"multiexonic","NAT_lncRNA","NA"
"scaffold_7",3647952,3653425,"CrRegRNA_16990.1","CrRegRNA_16990",0,"-",3653425,3653425,0,1,"5473,","0,",5473,"monoexonic","lincRNA","ConservedBySyntenyandSequence"
"scaffold_7",3776727,3777373,"CrRegRNA_17027.1","CrRegRNA_17027",0,"+",3777373,3777373,0,2,"157,324,","0,322,",481,"multiexonic","NAT_lncRNA","NA"
"scaffold_7",4709352,4710369,"CrRegRNA_17194.1","CrRegRNA_17194",0,"+",4710369,4710369,0,1,"1017,","0,",1017,"monoexonic","lincRNA","ConservedBySyntenyandSequence"
"scaffold_7",4709352,4710369,"CrRegRNA_17195.1","CrRegRNA_17195",0,"-",4710369,4710369,0,1,"1017,","0,",1017,"monoexonic","lincRNA","ConservedBySyntenyandSequence"
"scaffold_7",4749326,4750556,"CrRegRNA_17211.1","CrRegRNA_17211",0,"+",4750556,4750556,0,1,"1230,","0,",1230,"monoexonic","lincRNA","ConservedBySyntenyandSequence"
"scaffold_7",4762134,4763379,"CrRegRNA_17217.1","CrRegRNA_17217",0,"-",4763379,4763379,0,2,"454,331,","0,914,",785,"multiexonic","lincRNA","Species-specific"
"scaffold_7",478842,479658,"CrRegRNA_16293.1","CrRegRNA_16293",0,"-",479658,479658,0,1,"816,","0,",816,"monoexonic","lincRNA","ConservedBySyntenyandSequence"
"scaffold_7",5241284,5243621,"CrRegRNA_17336.1","CrRegRNA_17336",0,"-",5243621,5243621,0,3,"372,83,1587,","0,539,750,",2042,"multiexonic","lincRNA","ConservedBySyntenyandSequence"
"scaffold_7",6195963,6198747,"CrRegRNA_17561.2","CrRegRNA_17561",0,"-",6198747,6198747,0,4,"268,769,104,187,","0,441,2176,2597,",1328,"multiexonic","lincRNA","ConservedBySyntenyandSequence"
"scaffold_7",6226321,6227878,"CrRegRNA_17576.1","CrRegRNA_17576",0,"-",6227878,6227878,0,3,"256,74,272,","0,1085,1285,",602,"multiexonic","lincRNA","ConservedBySyntenyandSequence"
"scaffold_7",6226392,6227878,"CrRegRNA_17576.2","CrRegRNA_17576",0,"-",6227878,6227878,0,1,"1486,","0,",1486,"monoexonic","lincRNA","ConservedBySyntenyandSequence"
"scaffold_7",6507608,6508203,"CrRegRNA_17636.1","CrRegRNA_17636",0,".",6508203,6508203,0,1,"595,","0,",595,"monoexonic","lincRNA","ConservedBySyntenyandSequence"
"scaffold_7",6956242,6956460,"CrRegRNA_17707.1","CrRegRNA_17707",0,"-",6956460,6956460,0,1,"218,","0,",218,"monoexonic","lincRNA","ConservedBySyntenyandSequence"
"scaffold_7",8256410,8257010,"CrRegRNA_17967.2","CrRegRNA_17967",0,"-",8257010,8257010,0,2,"307,203,","0,397,",510,"multiexonic","lincRNA","ConservedBySyntenyandSequence"
"scaffold_7",8934157,8936073,"CrRegRNA_18101.1","CrRegRNA_18101",0,"-",8936073,8936073,0,1,"1916,","0,",1916,"monoexonic","lincRNA","ConservedBySyntenyandSequence"
"scaffold_7",9981010,9981554,"CrRegRNA_18311.1","CrRegRNA_18311",0,".",9981554,9981554,0,1,"544,","0,",544,"monoexonic","lincRNA","Species-specific"
"scaffold_7",9984393,9984802,"CrRegRNA_18313.1","CrRegRNA_18313",0,".",9984802,9984802,0,1,"409,","0,",409,"monoexonic","lincRNA","ConservedBySyntenyandSequence"
"scaffold_70",37084,37383,"CrRegRNA_19065.1","CrRegRNA_19065",0,"-",37383,37383,0,1,"299,","0,",299,"monoexonic","lincRNA","Species-specific"
"scaffold_70",45755,51202,"CrRegRNA_19072.2","CrRegRNA_19072",0,"-",51202,51202,0,2,"1104,467,","0,4980,",1571,"multiexonic","lincRNA","Species-specific"
"scaffold_70",45755,46998,"CrRegRNA_19073.1","CrRegRNA_19073",0,"+",46998,46998,0,1,"1243,","0,",1243,"monoexonic","lincRNA","Species-specific"
"scaffold_70",53945,54559,"CrRegRNA_19069.1","CrRegRNA_19069",0,"-",54559,54559,0,1,"614,","0,",614,"monoexonic","lincRNA","Species-specific"
"scaffold_73",5842,6097,"CrRegRNA_19074.1","CrRegRNA_19074",0,"-",6097,6097,0,1,"255,","0,",255,"monoexonic","lincRNA","Species-specific"
"scaffold_8",10310581,10312067,"CrRegRNA_20598.1","CrRegRNA_20598",0,".",10312067,10312067,0,1,"1486,","0,",1486,"monoexonic","lincRNA","ConservedBySyntenyandSequence"
"scaffold_8",10518946,10519483,"CrRegRNA_20640.1","CrRegRNA_20640",0,"+",10519483,10519483,0,2,"274,81,","0,456,",355,"multiexonic","lincRNA","ConservedBySyntenyandSequence"
"scaffold_8",10744870,10745756,"CrRegRNA_20677.1","CrRegRNA_20677",0,"+",10745756,10745756,0,1,"886,","0,",886,"monoexonic","lincRNA","ConservedBySyntenyandSequence"
"scaffold_8",1137302,1137795,"CrRegRNA_19303.1","CrRegRNA_19303",0,"+",1137795,1137795,0,2,"128,259,","0,234,",387,"multiexonic","lincRNA","ConservedBySyntenyandSequence"
"scaffold_8",12428941,12429458,"CrRegRNA_21041.1","CrRegRNA_21041",0,"-",12429458,12429458,0,1,"517,","0,",517,"monoexonic","lincRNA","ConservedBySyntenyandSequence"
"scaffold_8",12741367,12742469,"CrRegRNA_21114.1","CrRegRNA_21114",0,"-",12742469,12742469,0,2,"700,37,","0,1065,",737,"multiexonic","lincRNA","ConservedBySyntenyandSequence"
"scaffold_8",12861727,12861992,"CrRegRNA_21152.1","CrRegRNA_21152",0,"+",12861992,12861992,0,1,"265,","0,",265,"monoexonic","lincRNA","ConservedBySyntenyandSequence"
"scaffold_8",1534678,1536368,"CrRegRNA_19352.2","CrRegRNA_19352",0,"+",1536368,1536368,0,3,"515,255,125,","0,962,1565,",895,"multiexonic","lincRNA","ConservedBySyntenyandSequence"
"scaffold_8",1595188,1595933,"CrRegRNA_19363.1","CrRegRNA_19363",0,".",1595933,1595933,0,1,"745,","0,",745,"monoexonic","lincRNA","ConservedBySyntenyandSequence"
"scaffold_8",1622782,1624214,"CrRegRNA_19366.1","CrRegRNA_19366",0,"-",1624214,1624214,0,4,"560,96,163,175,","0,680,943,1257,",994,"multiexonic","lincRNA","ConservedBySyntenyandSequence"
"scaffold_8",1643321,1644404,"CrRegRNA_19374.3","CrRegRNA_19374",0,"-",1644404,1644404,0,2,"124,122,","0,961,",246,"multiexonic","lincRNA","Species-specific"
"scaffold_8",1920967,1921167,"CrRegRNA_19422.1","CrRegRNA_19422",0,"+",1921167,1921167,0,1,"200,","0,",200,"monoexonic","lincRNA","ConservedBySyntenyandSequence"
"scaffold_8",2034624,2035048,"CrRegRNA_19437.1","CrRegRNA_19437",0,"+",2035048,2035048,0,1,"424,","0,",424,"monoexonic","lincRNA","ConservedBySyntenyandSequence"
"scaffold_8",2201882,2202136,"CrRegRNA_19465.1","CrRegRNA_19465",0,"-",2202136,2202136,0,1,"254,","0,",254,"monoexonic","lincRNA","ConservedBySyntenyandSequence"
"scaffold_8",2632069,2632453,"CrRegRNA_19535.1","CrRegRNA_19535",0,"+",2632453,2632453,0,1,"384,","0,",384,"monoexonic","lincRNA","Species-specific"
"scaffold_8",3692267,3692700,"CrRegRNA_19610.1","CrRegRNA_19610",0,"-",3692700,3692700,0,2,"219,111,","0,322,",330,"multiexonic","lincRNA","Species-specific"
"scaffold_8",3947405,3948014,"CrRegRNA_19611.1","CrRegRNA_19611",0,".",3948014,3948014,0,1,"609,","0,",609,"monoexonic","lincRNA","Species-specific"
"scaffold_8",399071,401895,"CrRegRNA_19166.1","CrRegRNA_19166",0,"+",401895,401895,0,1,"2824,","0,",2824,"monoexonic","lincRNA","ConservedBySyntenyandSequence"
"scaffold_8",4090615,4091058,"CrRegRNA_19616.1","CrRegRNA_19616",0,"+",4091058,4091058,0,2,"133,229,","0,214,",362,"multiexonic","lincRNA","ConservedBySyntenyandSequence"
"scaffold_8",4299768,4300998,"CrRegRNA_19624.1","CrRegRNA_19624",0,"-",4300998,4300998,0,2,"291,827,","0,403,",1118,"multiexonic","lincRNA","ConservedBySyntenyandSequence"
"scaffold_8",4536027,4543474,"CrRegRNA_19626.1","CrRegRNA_19626",0,"-",4543474,4543474,0,6,"353,53,303,36,47,121,","0,586,6307,6697,7191,7326,",913,"multiexonic","lincRNA","ConservedBySyntenyandSequence"
"scaffold_8",4536063,4543488,"CrRegRNA_19626.2","CrRegRNA_19626",0,"-",4543488,4543488,0,5,"603,303,36,47,135,","0,6271,6661,7155,7290,",1124,"multiexonic","lincRNA","ConservedBySyntenyandSequence"
"scaffold_8",4833765,4834277,"CrRegRNA_19632.1","CrRegRNA_19632",0,".",4834277,4834277,0,1,"512,","0,",512,"monoexonic","lincRNA","ConservedBySyntenyandSequence"
"scaffold_8",5349483,5349951,"CrRegRNA_19671.1","CrRegRNA_19671",0,"+",5349951,5349951,0,2,"225,83,","0,385,",308,"multiexonic","lincRNA","Species-specific"
"scaffold_8",5434508,5435026,"CrRegRNA_19684.1","CrRegRNA_19684",0,"+",5435026,5435026,0,2,"193,234,","0,284,",427,"multiexonic","lincRNA","Species-specific"
"scaffold_8",6049273,6049936,"CrRegRNA_19783.1","CrRegRNA_19783",0,"-",6049936,6049936,0,1,"663,","0,",663,"monoexonic","lincRNA","ConservedBySyntenyandSequence"
"scaffold_8",6568626,6569743,"CrRegRNA_19871.1","CrRegRNA_19871",0,"-",6569743,6569743,0,1,"1117,","0,",1117,"monoexonic","lincRNA","Species-specific"
"scaffold_8",6603246,6604144,"CrRegRNA_19866.1","CrRegRNA_19866",0,".",6604144,6604144,0,1,"898,","0,",898,"monoexonic","lincRNA","ConservedBySyntenyandSequence"
"scaffold_8",6782172,6782851,"CrRegRNA_19905.1","CrRegRNA_19905",0,".",6782851,6782851,0,1,"679,","0,",679,"monoexonic","lincRNA","ConservedBySyntenyandSequence"
"scaffold_8",69069,69324,"CrRegRNA_19102.1","CrRegRNA_19102",0,"+",69324,69324,0,1,"255,","0,",255,"monoexonic","lincRNA","ConservedBySyntenyandSequence"
"scaffold_8",708247,708450,"CrRegRNA_19218.1","CrRegRNA_19218",0,"-",708450,708450,0,1,"203,","0,",203,"monoexonic","lincRNA","ConservedBySyntenyandSequence"
"scaffold_8",7376772,7377912,"CrRegRNA_20009.2","CrRegRNA_20009",0,"-",7377912,7377912,0,4,"277,127,74,223,","0,393,690,917,",701,"multiexonic","lincRNA","ConservedBySyntenyandSequence"
"scaffold_8",785182,786766,"CrRegRNA_19238.1","CrRegRNA_19238",0,"+",786766,786766,0,3,"159,86,763,","0,302,821,",1008,"multiexonic","lincRNA","ConservedBySyntenyandSequence"
"scaffold_8",8249369,8251446,"CrRegRNA_20161.1","CrRegRNA_20161",0,"+",8251446,8251446,0,3,"137,91,459,","0,805,1618,",687,"multiexonic","lincRNA","ConservedBySyntenyandSequence"
"scaffold_8",9610980,9611575,"CrRegRNA_20425.2","CrRegRNA_20425",0,"+",9611575,9611575,0,1,"595,","0,",595,"monoexonic","lincRNA","ConservedBySyntenyandSequence"
"scaffold_8",983797,984024,"CrRegRNA_19277.1","CrRegRNA_19277",0,"-",984024,984024,0,1,"227,","0,",227,"monoexonic","lincRNA","ConservedBySyntenyandSequence"
"scaffold_8",9878739,9880401,"CrRegRNA_20498.2","CrRegRNA_20498",0,"+",9880401,9880401,0,3,"99,64,967,","0,348,695,",1130,"multiexonic","lincRNA","ConservedBySyntenyandSequence"
"scaffold_830",1570,1838,"CrRegRNA_21271.1","CrRegRNA_21271",0,".",1838,1838,0,1,"268,","0,",268,"monoexonic","lincRNA","ConservedBySyntenyandSequence"
"scaffold_85",12430,12634,"CrRegRNA_21275.1","CrRegRNA_21275",0,"+",12634,12634,0,1,"204,","0,",204,"monoexonic","lincRNA","Species-specific"
"scaffold_85",12430,12653,"CrRegRNA_21274.1","CrRegRNA_21274",0,"-",12653,12653,0,1,"223,","0,",223,"monoexonic","lincRNA","Species-specific"
"scaffold_88",7739,8309,"CrRegRNA_21277.1","CrRegRNA_21277",0,".",8309,8309,0,1,"570,","0,",570,"monoexonic","lincRNA","ConservedBySyntenyandSequence"
